Station_ID,Site_Name,Date ,Time,Time_Zone,Sample_Type,Temperature_Water,Specific_Conductance,pH,Nitrate_plus_nitrite,RC_Organic_Carbon,Organic_Carbon,RC_Calcium_wf,Calcium_wf,RC_Magnesium_wf,Magnesium_wf,RC_Sodium_wf,Sodium_wf,RC_Potassium_wf,Potassium_wf,Chloride_wf,RC_Sulfate_wf,Sulfate_wf,RC_Fluoride_wf,Fluoride_wf,RC_Silica_wf,Silica_wf,RC_Arsenic_wf,Arsenic_wf,RC_Arsenic_wu,Arsenic_wu,RC_Cadmium_wf,Cadmium_wf,RC_Cadmium_wu,Cadmium_wu,RC_Copper_wf,Copper_wf,RC_Copper_wu,Copper_wu,RC_Iron_wu,Iron_wu,RC_Iron_wf,Iron_wf,RC_Lead_wf,Lead_wf,RC_Lead_wu,Lead_wu,RC_Manganese_wu,Manganese_wu,RC_Manganese_wf,Manganese_wf,RC_Zinc_wf,Zinc_wf,RC_Zinc_wu,Zinc_wu,RC_Alkalinity_lab,Alkalinity_lab,RC_Turbidity_lab,Turbidity_lab,Suspended_Sediment_percent_finer_than_0.0625_mm,RC_Suspended_Sediment_Concentration,Suspended_Sediment_Concentration
12323233,"Blacktail Creek above Grove Gulch, at Butte, MT",10/13/2020,9:35,MDT,Environmental,6.5,371,7.5,1.34,NA,NA,NA,38.7,NA,9.08,NA,NA,NA,NA,NA,NA,32.7,NA,NA,NA,NA,NA,1.94,NA,2.53,<,0.03,NA,0.06,NA,1.11,NA,3.97,NA,392,NA,53.7,NA,0.03,NA,0.88,NA,54.8,NA,42.8,NA,3.44,NA,9.26,NA,NA,E,2.98,89,NA,8
12323233,"Blacktail Creek above Grove Gulch, at Butte, MT",3/22/2021,9:00,MDT,Environmental,2.8,306,7.59,0.99,NA,NA,NA,31.4,NA,7.68,NA,NA,NA,NA,NA,NA,30.2,NA,NA,NA,NA,NA,3.12,NA,3.93,<,0.03,NA,0.05,NA,2.6,NA,4.95,NA,518,NA,213,NA,0.15,NA,0.73,NA,91.5,NA,81.2,NA,5,NA,7.93,NA,NA,E,4.38,73,NA,12
12323233,"Blacktail Creek above Grove Gulch, at Butte, MT",4/12/2021,8:50,MDT,Environmental,2.2,315,7.61,1.16,NA,NA,NA,33.3,NA,7.83,NA,NA,NA,NA,NA,NA,30.3,NA,NA,NA,NA,NA,2.29,NA,3.37,NA,0.05,NA,0.05,NA,1.71,NA,5.54,NA,791,NA,173,NA,0.12,NA,1.31,NA,92.1,NA,66.4,NA,4.61,NA,10.3,NA,NA,E,5.34,93,NA,13
12323233,"Blacktail Creek above Grove Gulch, at Butte, MT",5/4/2021,9:20,MDT,Environmental,7.2,283,7.72,0.86,NA,NA,NA,30.4,NA,6.97,NA,NA,NA,NA,NA,NA,27.6,NA,NA,NA,NA,NA,2.44,NA,3.35,NA,0.05,NA,0.03,NA,2.07,NA,3.22,NA,539,NA,256,NA,0.15,NA,0.54,NA,49.1,NA,39.9,NA,2.86,NA,5,NA,NA,E,2.99,93,NA,4
12323233,"Blacktail Creek above Grove Gulch, at Butte, MT",5/17/2021,9:45,MDT,Environmental,9.1,315,7.65,1.01,NA,NA,NA,34.3,NA,7.98,NA,NA,NA,NA,NA,NA,30.2,NA,NA,NA,NA,NA,2.47,NA,3.23,<,0.03,NA,0.04,NA,2.15,NA,4.4,NA,424,NA,102,NA,0.07,NA,0.58,NA,76.4,NA,64.3,NA,3.1,NA,6.07,NA,NA,E,2.52,88,NA,5
12323233,"Blacktail Creek above Grove Gulch, at Butte, MT",6/7/2021,9:15,MDT,Environmental,8.6,349,7.71,1.35,NA,NA,NA,37.5,NA,8.86,NA,NA,NA,NA,NA,NA,32.5,NA,NA,NA,NA,NA,2.3,NA,2.84,NA,0.04,NA,0.03,NA,1.7,NA,3.85,NA,239,NA,45.8,NA,0.03,NA,0.44,NA,71.1,NA,66.7,NA,3.04,NA,5.74,NA,NA,E,2.22,85,NA,4
12323233,"Blacktail Creek above Grove Gulch, at Butte, MT",7/12/2021,9:00,MDT,Environmental,10.3,386,7.6,1.63,NA,NA,NA,44.2,NA,11.1,NA,NA,NA,NA,NA,NA,36.8,NA,NA,NA,NA,NA,1.91,NA,2.69,<,0.03,NA,0.04,NA,0.98,NA,2.72,NA,198,NA,30.4,NA,0.03,NA,0.49,NA,60,NA,57.1,NA,4.29,NA,7.32,NA,NA,<,2,93,NA,4
12323233,"Blacktail Creek above Grove Gulch, at Butte, MT",8/16/2021,9:15,MDT,Environmental,12.8,389,7.54,NA,NA,NA,NA,42.7,NA,11.1,NA,NA,NA,NA,NA,NA,35.5,NA,NA,NA,NA,NA,1.93,NA,2.23,NA,0.04,NA,0.03,NA,1.28,NA,2.28,NA,129,NA,23.2,NA,0.03,NA,0.25,NA,39.7,NA,35.8,NA,5.49,NA,7.39,NA,NA,NA,NA,91,NA,3
12323242,"Silver Bow Creek at Montana Street, at Butte, MT",10/13/2020,10:25,MDT,Environmental,9.1,1432,7.5,0.91,NA,NA,NA,272,NA,8.26,NA,NA,NA,NA,NA,NA,719,NA,NA,NA,NA,NA,3,NA,3.08,NA,1.21,NA,1.02,NA,0.99,NA,1.68,NA,90.4,NA,11,<,0.04,NA,0.17,NA,51.3,NA,48.1,<,12,NA,6.86,NA,NA,<,2,95,NA,1
12323242,"Silver Bow Creek at Montana Street, at Butte, MT",3/22/2021,10:15,MDT,Environmental,2,1685,7.53,0.73,NA,NA,NA,309,NA,8.92,NA,NA,NA,NA,NA,NA,869,NA,NA,NA,NA,NA,2.57,NA,3.23,NA,1.8,NA,1.01,NA,1.54,NA,4.95,NA,340,NA,88.3,NA,0.07,NA,0.7,NA,64.3,NA,59.8,NA,6.3,NA,10.6,NA,NA,E,2.31,87,NA,6
12323242,"Silver Bow Creek at Montana Street, at Butte, MT",4/12/2021,9:45,MDT,Environmental,2.6,1574,7.61,0.83,NA,NA,NA,286,NA,8.5,NA,NA,NA,NA,NA,NA,818,NA,NA,NA,NA,NA,1.9,NA,2.74,NA,1.7,NA,0.75,NA,1.11,NA,3.57,NA,353,NA,32,<,0.04,NA,0.62,NA,60,NA,46.5,<,6,NA,7.6,NA,NA,E,2.28,86,NA,8
12323242,"Silver Bow Creek at Montana Street, at Butte, MT",5/4/2021,10:20,MDT,Environmental,7.8,1608,7.74,0.56,NA,NA,NA,308,NA,7.38,NA,NA,NA,NA,NA,NA,863,NA,NA,NA,NA,NA,2.43,NA,3.25,NA,1.64,NA,0.97,NA,1.51,NA,3.09,NA,292,NA,14.4,<,0.04,NA,0.33,NA,38.9,NA,31.3,<,6,NA,4.54,NA,NA,<,2,94,NA,2
12323242,"Silver Bow Creek at Montana Street, at Butte, MT",5/17/2021,10:15,MDT,Environmental,8.8,1421,7.69,0.78,NA,NA,NA,279,NA,7.83,NA,NA,NA,NA,NA,NA,717,NA,NA,NA,NA,NA,3.07,NA,3.65,NA,2.01,NA,0.66,NA,1.26,NA,2.89,NA,220,NA,18.2,<,0.04,NA,0.37,NA,63.5,NA,58,<,6,NA,6.68,NA,NA,<,2,85,NA,2
12323242,"Silver Bow Creek at Montana Street, at Butte, MT",6/7/2021,10:00,MDT,Environmental,10.6,887,7.85,0.98,NA,NA,NA,139,NA,7.11,NA,NA,NA,NA,NA,NA,361,NA,NA,NA,NA,NA,2.28,NA,3.14,NA,0.73,NA,0.54,NA,1.51,NA,3.01,NA,166,NA,20,NA,0.03,NA,0.18,NA,69.9,NA,66.2,<,6,NA,8.76,NA,NA,<,2,94,NA,1
12323242,"Silver Bow Creek at Montana Street, at Butte, MT",7/12/2021,10:00,MDT,Environmental,14.8,1257,7.72,0.83,NA,NA,NA,241,NA,4.44,NA,NA,NA,NA,NA,NA,637,NA,NA,NA,NA,NA,1.67,NA,2.12,NA,1.25,NA,0.81,<,0.8,NA,1.47,NA,59.6,NA,8.52,<,0.04,<,0.18,NA,19.4,NA,18.7,<,4,NA,2.09,NA,NA,<,2,69,NA,1
12323242,"Silver Bow Creek at Montana Street, at Butte, MT",8/16/2021,10:00,MDT,Environmental,16.2,1766,7.67,NA,NA,NA,NA,367,NA,7.36,NA,NA,NA,NA,NA,NA,957,NA,NA,NA,NA,NA,2.93,NA,3.69,NA,2.3,NA,1,<,2.4,NA,2.54,NA,100,NA,9.33,<,0.06,NA,0.3,NA,36.3,NA,32.6,<,12,NA,5.24,NA,NA,<,2,NA,NA,NA
12323250,"Silver Bow Creek below Blacktail Creek, at Butte, MT",10/13/2020,11:20,MDT,Environmental,9.1,1334,7.71,0.88,NA,NA,NA,229,NA,11.8,NA,NA,NA,NA,NA,NA,618,NA,NA,NA,NA,NA,3.1,NA,3.14,NA,0.93,NA,0.85,NA,2.26,NA,5.05,NA,135,NA,7.8,<,0.04,NA,0.9,NA,88.6,NA,61.7,NA,29.9,NA,35.8,NA,NA,<,2,66,NA,13
12323250,"Silver Bow Creek below Blacktail Creek, at Butte, MT",3/22/2021,11:10,MDT,Environmental,3.7,1437,7.91,0.72,NA,NA,NA,245,NA,11.7,NA,NA,NA,NA,NA,NA,679,NA,NA,NA,NA,NA,2.55,NA,3.53,NA,1.61,NA,0.79,NA,3.5,NA,8.84,NA,277,NA,46.7,NA,0.1,NA,1.09,NA,125,NA,115,NA,32.9,NA,41,NA,NA,E,2.06,74,NA,6
12323250,"Silver Bow Creek below Blacktail Creek, at Butte, MT",3/22/2021,11:15,MDT,Field Replicate,3.7,1437,7.91,0.71,NA,NA,NA,254,NA,12.1,NA,NA,NA,NA,NA,NA,680,NA,NA,NA,NA,NA,2.74,NA,3.44,NA,1.79,NA,0.84,NA,3.97,NA,8.63,NA,273,NA,55.2,NA,0.1,NA,1.05,NA,125,NA,118,NA,33.6,NA,41.6,NA,NA,<,2,73,NA,7
12323250,"Silver Bow Creek below Blacktail Creek, at Butte, MT",4/12/2021,10:30,MDT,Environmental,3.1,1382,7.85,0.77,NA,NA,NA,231,NA,11.4,NA,NA,NA,NA,NA,NA,656,NA,NA,NA,NA,NA,2.47,NA,3.9,NA,1.38,NA,0.65,NA,2.69,NA,8.7,NA,387,NA,17.7,NA,0.05,NA,1.7,NA,143,NA,110,NA,25.4,NA,38.8,NA,NA,E,2.6,82,NA,7
12323250,"Silver Bow Creek below Blacktail Creek, at Butte, MT",5/4/2021,11:15,MDT,Environmental,10.5,1482,7.9,0.49,NA,NA,NA,268,NA,10.1,NA,NA,NA,NA,NA,NA,742,NA,NA,NA,NA,NA,2.49,NA,3.42,NA,1.39,NA,0.85,NA,2.39,NA,5.62,NA,275,NA,7.45,NA,0.05,NA,0.64,NA,60.7,NA,47.2,NA,14.1,NA,19.3,NA,NA,<,2,85,NA,4
12323250,"Silver Bow Creek below Blacktail Creek, at Butte, MT",5/17/2021,11:15,MDT,Environmental,12.5,1337,7.65,0.65,NA,NA,NA,237,NA,10,NA,NA,NA,NA,NA,NA,631,NA,NA,NA,NA,NA,2.72,NA,3.13,NA,1.43,NA,0.81,NA,2.46,NA,4.75,NA,163,NA,13.6,NA,0.12,NA,0.68,NA,60.8,NA,48.9,NA,27.7,NA,32.4,NA,NA,<,2,84,NA,3
12323250,"Silver Bow Creek below Blacktail Creek, at Butte, MT",6/7/2021,10:45,MDT,Environmental,13.5,1151,8.06,0.67,NA,NA,NA,177,NA,10.2,NA,NA,NA,NA,NA,NA,481,NA,NA,NA,NA,NA,2.42,NA,3.23,NA,0.85,NA,0.72,NA,2.04,NA,5.44,NA,125,<,5,NA,0.08,NA,0.57,NA,53,NA,40.2,NA,21.7,NA,29.7,NA,NA,<,2,86,NA,3
12323250,"Silver Bow Creek below Blacktail Creek, at Butte, MT",7/12/2021,10:30,MDT,Environmental,17,1176,7.77,0.82,NA,NA,NA,209,NA,8.23,NA,NA,NA,NA,NA,NA,541,NA,NA,NA,NA,NA,2.09,NA,2.67,NA,1.01,NA,0.69,NA,1.71,NA,3.87,NA,97.3,NA,7.99,NA,0.08,NA,0.82,NA,42.5,NA,31.7,NA,13.9,NA,17.7,NA,NA,<,2,86,NA,2
12323250,"Silver Bow Creek below Blacktail Creek, at Butte, MT",8/16/2021,11:00,MDT,Environmental,18.1,1609,7.65,NA,NA,NA,NA,283,NA,11.3,NA,NA,NA,NA,NA,NA,797,NA,NA,NA,NA,NA,3.08,NA,3.71,NA,1.69,NA,0.79,NA,2.59,NA,4.68,NA,82.7,<,5,NA,0.11,NA,0.87,NA,52.1,NA,37,NA,27.5,NA,31.4,NA,NA,<,2,NA,NA,NA
12323600,"Silver Bow Creek at Opportunity, MT",10/13/2020,12:30,MDT,Environmental,6.1,950,8.21,NA,NA,2.05,NA,146,NA,12.2,NA,35.5,NA,8.86,29.1,NA,356,NA,0.87,NA,19.8,NA,4.45,NA,4.27,NA,0.7,NA,0.59,NA,5.92,NA,8.99,NA,87.3,NA,6.89,NA,0.03,NA,0.43,NA,64.2,NA,38.6,NA,49.4,NA,56.3,NA,103,E,2.57,84,NA,2
12323600,"Silver Bow Creek at Opportunity, MT",3/22/2021,12:30,MDT,Environmental,3.3,1019,8.1,NA,NA,4.27,NA,163,NA,11.5,NA,39.4,NA,11.9,28.6,NA,398,NA,1.01,NA,21.9,NA,5.43,NA,6.72,NA,0.92,NA,0.83,NA,11.1,NA,25.6,NA,455,NA,50.3,NA,0.15,NA,2.51,NA,333,NA,245,NA,98.1,NA,126,NA,94,E,5.5,88,NA,15
12323600,"Silver Bow Creek at Opportunity, MT",4/12/2021,11:40,MDT,Environmental,2.1,951,8.01,NA,NA,2.98,NA,149,NA,11.1,NA,36.9,NA,9.89,26.3,NA,344,NA,0.91,NA,21.5,NA,4.19,NA,5,NA,0.98,NA,0.69,NA,7.38,NA,19.1,NA,378,NA,13.5,NA,0.06,NA,1.58,NA,293,NA,233,NA,93.7,NA,108,NA,93,E,3.99,87,NA,13
12323600,"Silver Bow Creek at Opportunity, MT",5/4/2021,12:25,MDT,Environmental,8.8,924,8.27,NA,NA,3.5,NA,153,NA,8.77,NA,33.8,NA,9.18,21.8,NA,377,NA,0.87,NA,19.7,NA,4.16,NA,5.56,NA,0.92,NA,0.73,NA,7.09,NA,21.8,NA,458,NA,11,NA,0.05,NA,1.84,NA,275,NA,189,NA,55.3,NA,89.6,NA,87.6,E,5.2,90,NA,14
12323600,"Silver Bow Creek at Opportunity, MT",5/17/2021,12:15,MDT,Environmental,13.1,871,8.48,NA,NA,3.38,NA,142,NA,9.13,NA,32.2,NA,8.46,23.2,NA,350,NA,0.78,NA,18.9,NA,4.45,NA,5.06,NA,0.84,NA,0.69,NA,6.74,NA,17,NA,323,NA,10.8,NA,0.05,NA,1.34,NA,245,NA,182,NA,36.2,NA,68.9,NA,89.8,E,2.96,87,NA,12
12323600,"Silver Bow Creek at Opportunity, MT",6/7/2021,11:45,MDT,Environmental,12.1,813,8.54,NA,NA,3.13,NA,126,NA,8.29,NA,28.7,NA,7.71,22.6,NA,308,NA,0.74,NA,16.6,NA,4.4,NA,5.09,NA,0.7,NA,0.64,NA,6.22,NA,13.7,NA,175,NA,11.5,NA,0.05,NA,0.88,NA,149,NA,112,NA,31,NA,50.5,NA,87,E,2.35,91,NA,7
12323600,"Silver Bow Creek at Opportunity, MT",7/12/2021,12:00,MDT,Environmental,19,1006,8.76,NA,NA,2.56,NA,154,NA,11,NA,42.1,NA,10,41,NA,360,NA,0.94,NA,18.7,NA,5.71,NA,6.13,NA,0.79,NA,0.67,NA,6.84,NA,10.4,NA,70.6,NA,7.18,NA,0.07,NA,0.4,NA,85.3,NA,53.9,NA,17.2,NA,25.7,NA,84.9,<,2,90,NA,3
12323600,"Silver Bow Creek at Opportunity, MT",8/16/2021,11:45,MDT,Environmental,18.7,1160,8.84,NA,NA,NA,NA,184,NA,13.3,NA,51.1,NA,12.6,47.8,NA,478,NA,1.12,NA,22.2,NA,5.89,NA,6.06,NA,1.1,NA,0.62,NA,8.38,NA,9.88,NA,42,NA,6.18,NA,0.07,NA,0.26,NA,40.5,NA,32.2,NA,26.5,NA,30,NA,94.3,<,2,NA,NA,NA
12323670,"Mill Creek near Anaconda, MT",10/13/2020,14:40,MDT,Environmental,7,208,7.97,NA,NA,1.31,NA,23.4,NA,6.57,NA,4.88,NA,0.74,0.5,NA,9.45,NA,0.33,NA,13.1,NA,19.2,NA,18.9,NA,0.05,NA,0.07,NA,1.25,NA,1.68,NA,101,NA,59.8,NA,0.06,NA,0.19,NA,10,NA,7.64,<,2,<,2,NA,87.8,<,2,60,<,0.5
12323670,"Mill Creek near Anaconda, MT",3/22/2021,14:45,MDT,Environmental,2.9,191,8.17,NA,NA,1.19,NA,24.3,NA,7.05,NA,5.23,NA,0.83,0.67,NA,11.2,NA,0.35,NA,13.8,NA,15.2,NA,14.8,NA,0.07,NA,0.05,NA,1.09,NA,1.5,NA,86.8,NA,34.1,NA,0.04,NA,0.18,NA,10.3,NA,8.12,<,2,<,2,NA,89.2,<,2,76,NA,1
12323670,"Mill Creek near Anaconda, MT",4/12/2021,14:15,MDT,Environmental,3.4,172,8.03,NA,NA,1.58,NA,21,NA,6.09,NA,5.32,NA,0.71,0.53,NA,10.6,NA,0.34,NA,14.1,NA,17.1,NA,17.7,NA,0.05,NA,0.05,NA,1.66,NA,2.17,NA,110,NA,35.6,NA,0.05,NA,0.25,NA,10.1,NA,7.59,<,2,NA,2.09,NA,80,<,2,84,NA,2
12323670,"Mill Creek near Anaconda, MT",5/4/2021,14:45,MDT,Environmental,8.1,118,7.96,NA,NA,2.62,NA,14.6,NA,3.64,NA,4.51,NA,0.69,0.45,NA,6.94,NA,0.31,NA,14.4,NA,16.2,NA,16.7,NA,0.05,NA,0.07,NA,2.91,NA,4.39,NA,205,NA,51.6,NA,0.13,NA,0.65,NA,11.5,NA,5.26,<,2,NA,3.2,NA,53.7,E,2.32,80,NA,3
12323670,"Mill Creek near Anaconda, MT",5/4/2021,14:47,MDT,Laboratory Spike,8.1,118,7.96,NA,NA,NA,NA,65.2,NA,18.9,NA,NA,NA,NA,NA,NA,NA,NA,NA,NA,NA,NA,16.9,NA,18.2,NA,0.3,NA,0.34,NA,7.64,NA,9.39,NA,289,NA,141,NA,0.63,NA,1.15,NA,62,NA,56.9,NA,13.4,NA,14.2,NA,NA,NA,NA,NA,NA,NA
12323670,"Mill Creek near Anaconda, MT",5/17/2021,14:15,MDT,Environmental,14.6,99,7.92,NA,NA,2.6,NA,12.6,NA,2.95,NA,3.85,NA,0.62,0.31,NA,5.12,NA,0.3,NA,13.5,NA,15.8,NA,16.1,NA,0.04,NA,0.08,NA,2.46,NA,4.67,NA,233,NA,46.5,NA,0.1,NA,0.89,NA,15,NA,5.15,<,2,NA,3.56,NA,45.5,E,2.96,72,NA,8
12323670,"Mill Creek near Anaconda, MT",6/7/2021,14:30,MDT,Environmental,10,72,7.69,NA,NA,2.36,NA,8.75,NA,2,NA,2.42,NA,0.54,0.23,NA,3.46,NA,0.29,NA,10.3,NA,9.15,NA,11.1,NA,0.03,NA,0.06,NA,1.93,NA,3.24,NA,155,NA,27.8,NA,0.07,NA,0.52,NA,10.2,NA,4.07,<,2,NA,2.6,NA,33.9,<,2,60,NA,7
12323670,"Mill Creek near Anaconda, MT",7/12/2021,14:15,MDT,Environmental,16.5,133,8.05,NA,NA,1.33,NA,17.1,NA,4.02,NA,3.08,NA,0.45,0.21,NA,5.59,NA,0.34,NA,11.2,NA,17.8,NA,18.3,NA,0.03,NA,0.06,NA,1.39,NA,2.43,NA,140,NA,56.1,NA,0.09,NA,0.54,NA,14.3,NA,8.89,<,2,<,2,NA,63.2,<,2,74,NA,3
12323670,"Mill Creek near Anaconda, MT",8/16/2021,13:45,MDT,Environmental,15.7,179,8.04,NA,NA,NA,NA,23,NA,6.47,NA,3.93,NA,0.82,0.45,NA,7.21,NA,0.35,NA,12.4,NA,34.9,NA,35.8,NA,0.04,NA,0.06,NA,1.54,NA,2.23,NA,128,NA,73.8,NA,0.12,NA,0.29,NA,17.3,NA,11.2,<,2,NA,2.92,NA,86.5,NA,NA,NA,NA,NA
12323700,"Mill Creek at Opportunity, MT",10/13/2020,15:25,MDT,Environmental,6.9,240,7.92,NA,NA,2.1,NA,27.1,NA,7.16,NA,6.57,NA,0.92,0.92,NA,21.5,NA,0.36,NA,13.4,NA,27.6,NA,26.4,NA,0.07,NA,0.09,NA,1.9,NA,2.68,NA,148,NA,77.5,NA,0.09,NA,0.27,NA,9.8,NA,8.41,NA,2.83,NA,3.55,NA,90.1,<,2,93,NA,1
12323700,"Mill Creek at Opportunity, MT",3/22/2021,15:40,MDT,Environmental,3.4,233,8.16,NA,NA,1.25,NA,29.5,NA,7.89,NA,7.45,NA,0.93,1.02,NA,27.7,NA,0.37,NA,13.8,NA,17.2,NA,17.9,NA,0.05,NA,0.06,NA,1.35,NA,2.66,NA,306,NA,34.2,NA,0.05,NA,0.47,NA,8.06,NA,3.2,<,2,NA,3.16,NA,92,E,3.77,97,NA,7
12323700,"Mill Creek at Opportunity, MT",4/12/2021,14:50,MDT,Environmental,2.9,198,8.07,NA,NA,1.65,NA,24.6,NA,6.67,NA,6.72,NA,0.82,0.72,NA,21,NA,0.35,NA,14.4,NA,18.7,NA,18.9,NA,0.06,NA,0.05,NA,1.84,NA,2.37,NA,93.1,NA,36.3,NA,0.05,NA,0.23,NA,5.86,NA,3.73,<,2,NA,2.42,NA,80.8,<,2,82,NA,1
12323700,"Mill Creek at Opportunity, MT",5/4/2021,15:15,MDT,Environmental,9.4,137,8,NA,NA,2.71,NA,16.2,NA,3.94,NA,5.09,NA,0.83,0.59,NA,12.2,NA,0.33,NA,13.6,NA,19.5,NA,19.9,NA,0.05,NA,0.08,NA,3.28,NA,5.43,NA,218,NA,51.5,NA,0.15,NA,0.72,NA,13.3,NA,4.32,NA,2.01,NA,4.15,NA,57.5,E,2.57,72,NA,5
12323700,"Mill Creek at Opportunity, MT",5/17/2021,15:00,MDT,Environmental,14.6,116,7.9,NA,NA,2.75,NA,14.4,NA,3.38,NA,4.3,NA,0.8,0.38,NA,8.64,NA,0.31,NA,13.6,NA,20.4,NA,20.5,NA,0.05,NA,0.09,NA,2.92,NA,4.99,NA,197,NA,39.3,NA,0.11,NA,0.77,NA,15.9,NA,5.89,<,2,NA,4.27,NA,50.6,E,2.32,91,NA,4
12323700,"Mill Creek at Opportunity, MT",6/7/2021,12:45,MDT,Environmental,8.4,80,7.75,NA,NA,2.55,NA,10,NA,2.23,NA,2.65,NA,0.62,0.52,NA,5.31,NA,0.3,NA,10.5,NA,12.3,NA,16.1,NA,0.03,NA,0.11,NA,2.62,NA,5.47,NA,247,NA,30.9,NA,0.11,NA,1.18,NA,14.5,NA,4.59,NA,2.09,NA,4.82,NA,35,E,2.39,67,NA,9
12323700,"Mill Creek at Opportunity, MT",7/12/2021,15:00,MDT,Environmental,18.5,152,7.98,NA,NA,1.64,NA,18.3,NA,4.15,NA,3.94,NA,0.57,0.47,NA,10.4,NA,0.37,NA,11.6,NA,27.7,NA,27.9,NA,0.05,NA,0.06,NA,2,NA,3.07,NA,152,NA,77.7,NA,0.14,NA,0.4,NA,13.5,NA,8.94,<,2,NA,2.61,NA,67.3,<,2,87,NA,2
12323700,"Mill Creek at Opportunity, MT",8/16/2021,14:45,MDT,Environmental,17,201,7.95,NA,NA,NA,NA,26.5,NA,6.68,NA,6.07,NA,1.11,0.79,NA,14.8,NA,0.39,NA,12.9,NA,27.6,NA,28.3,<,0.03,NA,0.04,NA,1.78,NA,3.4,NA,115,NA,67.2,NA,0.08,NA,0.16,NA,10.3,NA,8.3,<,2,<,2,NA,88.6,NA,NA,NA,NA,NA
12323700,"Mill Creek at Opportunity, MT",8/16/2021,14:50,MDT,Field Replicate,17,201,7.95,NA,NA,NA,NA,26.1,NA,6.65,NA,5.97,NA,1.15,0.79,NA,14.8,NA,0.39,NA,12.8,NA,27.9,NA,30.3,<,0.03,NA,0.04,NA,1.86,NA,2.49,NA,121,NA,67.2,NA,0.08,NA,0.18,NA,10.5,NA,8.27,<,2,NA,2.19,NA,88.5,NA,NA,NA,NA,NA
12323700,"Mill Creek at Opportunity, MT",8/16/2021,14:55,MDT,Laboratory Replicate,17,201,7.95,NA,NA,NA,NA,26.2,NA,6.75,NA,NA,NA,NA,NA,NA,NA,NA,NA,NA,NA,NA,27.6,NA,30.9,<,0.03,NA,0.04,NA,1.84,NA,2.54,NA,118,NA,68,NA,0.09,NA,0.18,NA,10.5,NA,8.28,<,2,<,2,NA,NA,NA,NA,NA,NA,NA
12323710,"Willow Creek near Anaconda, MT",10/13/2020,13:35,MDT,Field Blank,NA,23,5.46,NA,<,0.23,<,0.02,<,0.01,<,0.4,<,0.3,0.11,<,0.02,<,0.01,<,0.05,<,0.1,<,0.1,<,0.03,<,0.03,<,0.4,<,0.4,<,5,<,5,<,0.02,<,0.06,<,0.4,<,0.4,<,2,<,2,<,4,<,2,NA,NA,NA
12323710,"Willow Creek near Anaconda, MT",10/13/2020,13:40,MDT,Environmental,6.1,149,7.65,NA,NA,3.65,NA,16.1,NA,2.04,NA,6.71,NA,1.07,1.17,NA,6.89,NA,0.08,NA,25,NA,25.9,NA,25.4,NA,0.05,NA,0.07,NA,2.54,NA,3.28,NA,178,NA,106,NA,0.23,NA,0.42,NA,15.1,NA,9.62,<,2,NA,2.07,NA,54.6,<,2,60,NA,1
12323710,"Willow Creek near Anaconda, MT",3/22/2021,13:45,MDT,Environmental,0.8,133,7.8,NA,NA,2.56,NA,16.8,NA,2.27,NA,7.45,NA,1.02,0.93,NA,11.6,NA,0.09,NA,24.6,NA,15.8,NA,16.2,NA,0.03,<,0.03,NA,1.64,NA,2,NA,162,NA,77.4,NA,0.13,NA,0.26,NA,18.6,NA,15.6,<,2,NA,2.51,NA,54.3,<,2,86,NA,1
12323710,"Willow Creek near Anaconda, MT",4/12/2021,13:15,MDT,Environmental,1,118,7.65,NA,NA,3.42,NA,15.2,NA,2.04,NA,6.77,NA,0.92,0.68,NA,10.1,NA,0.08,NA,25.7,NA,15.8,NA,16.8,<,0.03,NA,0.04,NA,2.11,NA,2.8,NA,263,NA,114,NA,0.2,NA,0.51,NA,21.9,NA,11.2,<,2,NA,2.15,NA,48.8,E,3.77,89,NA,4
12323710,"Willow Creek near Anaconda, MT",5/4/2021,13:25,MDT,Environmental,4.9,90,7.72,NA,NA,4.99,NA,11.7,NA,1.38,NA,5.52,NA,0.85,0.56,NA,6.91,NA,0.07,NA,24.3,NA,19.3,NA,19.1,NA,0.03,NA,0.06,NA,3.29,NA,4.21,NA,386,NA,155,NA,0.33,NA,0.8,NA,20,NA,9.5,NA,2.17,NA,3.5,NA,37.6,E,8.79,84,NA,4
12323710,"Willow Creek near Anaconda, MT",5/17/2021,13:15,MDT,Environmental,9.6,83,7.7,NA,NA,4.21,NA,10.8,NA,1.25,NA,5.28,NA,0.77,0.47,NA,5.65,NA,0.07,NA,24.8,NA,17.3,NA,17.7,<,0.03,NA,0.05,NA,2.34,NA,3.61,NA,289,NA,135,NA,0.21,NA,0.67,NA,19.5,NA,8.46,<,2,NA,3.07,NA,35.7,E,4.9,78,NA,6
12323710,"Willow Creek near Anaconda, MT",6/7/2021,13:45,MDT,Environmental,9.4,83,7.78,NA,NA,3.59,NA,10.7,NA,1.19,NA,4.89,NA,0.85,0.45,NA,4.83,NA,0.07,NA,23.4,NA,14.4,NA,17.1,<,0.03,NA,0.05,NA,1.82,NA,3.03,NA,244,NA,92.9,NA,0.18,NA,0.63,NA,17.1,NA,8.51,<,2,NA,2.7,NA,38.1,E,4.46,80,NA,4
12323710,"Willow Creek near Anaconda, MT",6/7/2021,13:47,MDT,Laboratory Spike,9.4,83,7.78,NA,NA,NA,NA,59.8,NA,16.9,NA,NA,NA,NA,NA,NA,NA,NA,NA,NA,NA,NA,15.8,NA,20.2,NA,0.29,NA,0.32,NA,6.38,NA,8.86,NA,331,NA,199,NA,0.71,NA,1.18,NA,71.1,NA,62.8,NA,12.1,NA,14.7,NA,NA,NA,NA,NA,NA,NA
12323710,"Willow Creek near Anaconda, MT",7/12/2021,13:30,MDT,Environmental,14,103,7.94,NA,NA,3.12,NA,13.3,NA,1.37,NA,5.93,NA,0.77,0.27,NA,4.82,NA,0.08,NA,24.6,NA,24.3,NA,25.3,<,0.03,NA,0.04,NA,1.94,NA,2.62,NA,165,NA,80.5,NA,0.19,NA,0.38,NA,11.3,NA,6,<,2,<,2,NA,47.8,<,2,87,NA,2
12323710,"Willow Creek near Anaconda, MT",8/16/2021,13:00,MDT,Environmental,18.1,115,7.89,NA,NA,NA,NA,14.8,NA,1.74,NA,6.73,NA,1.21,0.54,NA,4.27,NA,0.09,NA,26.4,NA,35.8,NA,38.4,<,0.03,NA,0.06,NA,2.42,NA,3.22,NA,280,NA,150,NA,0.35,NA,0.59,NA,19.2,NA,9.91,<,2,<,2,NA,54.4,NA,NA,NA,NA,NA
12323720,"Willow Creek at Opportunity, MT",10/13/2020,12:45,MDT,Environmental,7.4,295,8.17,NA,NA,1.8,NA,35.5,NA,7.9,NA,9.85,NA,1.36,2.52,NA,23.2,NA,0.39,NA,21.3,NA,12.7,NA,12.2,<,0.03,<,0.03,NA,1.24,NA,1.92,NA,55.7,NA,12.6,NA,0.06,NA,0.38,NA,13.9,NA,11.3,<,2,NA,2.22,NA,118,<,2,93,NA,1
12323720,"Willow Creek at Opportunity, MT",10/13/2020,12:47,MDT,Laboratory Spike,7.4,295,8.17,NA,NA,NA,NA,82.5,NA,23,NA,NA,NA,NA,NA,NA,NA,NA,NA,NA,NA,NA,13.9,NA,13.9,NA,0.28,NA,0.28,NA,6.25,NA,7.11,NA,148,NA,105,NA,0.57,NA,0.85,NA,65.9,NA,62,NA,11.6,NA,12.7,NA,NA,NA,NA,NA,NA,NA
12323720,"Willow Creek at Opportunity, MT",3/22/2021,12:50,MDT,Environmental,4.4,312,8.14,NA,NA,3.11,NA,40,NA,10,NA,12.5,NA,1.9,3.87,NA,33.4,NA,0.38,NA,22.9,NA,20.7,NA,22.6,<,0.03,NA,0.04,NA,3.35,NA,5.17,NA,225,NA,121,NA,0.2,NA,0.58,NA,107,NA,99.5,NA,4.19,NA,6.02,NA,125,E,5.04,90,NA,2
12323720,"Willow Creek at Opportunity, MT",4/12/2021,12:15,MDT,Environmental,3.2,274,7.99,NA,NA,2.51,NA,35.1,NA,7.66,NA,11.3,NA,1.41,3.02,NA,28.9,NA,0.3,NA,23.5,NA,13.6,NA,14.4,NA,0.03,NA,0.04,NA,1.7,NA,3.08,NA,186,NA,43.3,NA,0.1,NA,0.6,NA,75.4,NA,68.3,NA,2.89,NA,4.38,NA,110,E,2.13,91,NA,3
12323720,"Willow Creek at Opportunity, MT",5/4/2021,12:50,MDT,Environmental,9,199,8.04,NA,NA,4.52,NA,25.1,NA,4.98,NA,8.84,NA,1.4,2.11,NA,19.6,NA,0.22,NA,23.3,NA,21.3,NA,22.9,<,0.03,NA,0.07,NA,3.32,NA,6.37,NA,368,NA,64.9,NA,0.19,NA,1.27,NA,80.9,NA,53.4,NA,2.28,NA,6.29,NA,79.1,E,5.98,99,NA,7
12323720,"Willow Creek at Opportunity, MT",5/17/2021,12:30,MDT,Environmental,14.5,213,8.06,NA,NA,3.84,NA,26.9,NA,5.63,NA,8.77,NA,1.33,2.12,NA,19.7,NA,0.27,NA,22.7,NA,22.5,NA,23.1,<,0.03,NA,0.05,NA,2.79,NA,5.14,NA,265,NA,57,NA,0.19,NA,1.13,NA,81.5,NA,59.1,<,2,NA,5.21,NA,87.6,E,3.88,94,NA,5
12323720,"Willow Creek at Opportunity, MT",6/7/2021,12:15,MDT,Environmental,11.8,201,8.03,NA,NA,5.03,NA,25,NA,5.48,NA,7.7,NA,1.37,1.27,<,0.02,NA,0.31,NA,22.7,NA,41.6,NA,43.7,NA,0.04,NA,0.07,NA,4.1,NA,7.12,NA,268,NA,91.5,NA,0.34,NA,1.51,NA,63,NA,42.9,NA,3.06,NA,6.9,NA,93,E,4.25,95,NA,7
12323720,"Willow Creek at Opportunity, MT",7/12/2021,12:15,MDT,Environmental,17,269,8.46,NA,NA,1.99,NA,34.7,NA,7.31,NA,8.83,NA,1.14,1.93,NA,20.2,NA,0.46,NA,21.1,NA,23.3,NA,24.3,<,0.03,<,0.03,NA,1.9,NA,2.93,NA,100,NA,17.9,NA,0.13,NA,0.55,NA,22.4,NA,14.7,<,2,<,2,NA,121,<,2,95,NA,1
12323720,"Willow Creek at Opportunity, MT",8/16/2021,12:15,MDT,Environmental,17.5,273,8.55,NA,NA,NA,NA,36,NA,8.31,NA,9.1,NA,1.27,2.02,NA,20.5,NA,0.46,NA,20,NA,14.5,NA,15.3,<,0.03,<,0.03,NA,1.32,NA,2.41,NA,106,NA,15.4,NA,0.08,NA,0.53,NA,25.7,NA,14.9,<,2,NA,2.24,NA,123,<,2,NA,NA,NA
12323750,"Silver Bow Creek at Warm Springs, MT",10/14/2020,11:45,MDT,Environmental,6,653,8.07,NA,NA,3.6,NA,83,NA,14.9,NA,25.3,NA,5.53,19.5,NA,217,NA,0.88,NA,10.2,NA,10,NA,12,NA,0.16,NA,0.19,NA,1.3,NA,4.52,NA,227,NA,24.4,NA,0.05,NA,0.79,NA,124,NA,84.1,NA,7.06,NA,14,NA,84.5,E,2.01,91,NA,2
12323750,"Silver Bow Creek at Warm Springs, MT",3/23/2021,10:50,MDT,Environmental,3,732,8.33,NA,NA,2.71,NA,104,NA,15,NA,29.5,NA,6.76,27.6,NA,245,NA,0.98,NA,13.2,NA,7.98,NA,10.2,NA,0.3,NA,0.27,NA,3.02,NA,6.47,NA,134,NA,15.3,NA,0.04,NA,0.52,NA,149,NA,132,NA,11.5,NA,21.1,NA,97.4,<,2,74,NA,2
12323750,"Silver Bow Creek at Warm Springs, MT",4/13/2021,11:45,MDT,Environmental,3.4,769,8.06,NA,NA,2.92,NA,111,NA,13.9,NA,29,NA,7.24,26,NA,250,NA,0.96,NA,12.2,NA,6.42,NA,8.78,NA,0.44,NA,0.41,NA,1.29,NA,12.3,NA,394,NA,12.9,NA,0.05,NA,2.3,NA,321,NA,218,NA,4.92,NA,30.5,NA,96.6,E,4.53,98,NA,6
12323750,"Silver Bow Creek at Warm Springs, MT",5/5/2021,11:00,MDT,Environmental,10,704,8.25,NA,NA,3.36,NA,104,NA,12.9,NA,26.3,NA,6.71,20.8,NA,246,NA,0.92,NA,13.6,NA,10.3,NA,13.2,NA,0.33,NA,0.23,NA,1.65,NA,5.26,NA,280,NA,13.1,NA,0.04,NA,1.08,NA,326,NA,241,NA,3.31,NA,11.2,NA,95.5,E,3.08,98,NA,4
12323750,"Silver Bow Creek at Warm Springs, MT",5/18/2021,12:30,MDT,Environmental,14.9,638,8.48,NA,NA,3.38,NA,93.5,NA,12.1,NA,24.6,NA,6.35,18.6,NA,224,NA,0.81,NA,13.2,NA,12.8,NA,14.3,NA,0.26,NA,0.17,NA,2.19,NA,4.56,NA,204,NA,25.8,NA,0.08,NA,0.82,NA,167,NA,131,NA,2.3,NA,6.11,NA,79.5,E,2.36,91,NA,5
12323750,"Silver Bow Creek at Warm Springs, MT",6/8/2021,11:00,MDT,Environmental,10.4,447,8.62,NA,NA,3.64,NA,56.5,NA,8.27,NA,16.1,NA,3.89,11.8,NA,150,NA,0.63,NA,13.6,NA,17.3,NA,18.7,NA,0.19,NA,0.15,NA,2.81,NA,5.9,NA,261,NA,29.2,NA,0.08,NA,1.05,NA,124,NA,90.9,<,2,NA,6.2,NA,57.7,E,3.03,86,NA,8
12323750,"Silver Bow Creek at Warm Springs, MT",7/13/2021,10:45,MDT,Environmental,16,712,8.89,NA,NA,3.57,NA,98,NA,16.1,NA,27.8,NA,5.74,19.6,NA,258,NA,0.94,NA,13.4,NA,18.6,NA,20.4,NA,0.15,NA,0.15,NA,2.01,NA,2.34,NA,94.9,NA,18.2,NA,0.04,NA,0.22,NA,132,NA,84.6,<,2,NA,2.46,NA,83.4,<,2,74,NA,1
12323750,"Silver Bow Creek at Warm Springs, MT",7/13/2021,10:50,MDT,Field Replicate,16,712,8.89,NA,NA,3.49,NA,104,NA,17,NA,29,NA,6.09,19.7,NA,260,NA,0.96,NA,14.4,NA,19.8,NA,21.1,NA,0.16,NA,0.16,NA,1.46,NA,2.48,NA,95.1,NA,21.7,NA,0.04,NA,0.23,NA,135,NA,88.2,<,2,NA,3.01,NA,83.5,<,2,80,NA,2
12323750,"Silver Bow Creek at Warm Springs, MT",7/13/2021,10:55,MDT,Laboratory Replicate,16,712,8.89,NA,NA,NA,NA,102,NA,17,NA,29.1,NA,6.24,NA,NA,NA,NA,NA,NA,14.4,NA,19,NA,20.8,NA,0.18,NA,0.16,NA,1.39,NA,2.48,NA,94.5,NA,22.5,NA,0.04,NA,0.23,NA,133,NA,88.9,<,2,NA,2.77,NA,NA,NA,NA,NA,NA,NA
12323750,"Silver Bow Creek at Warm Springs, MT",8/17/2021,10:55,MDT,Field Blank,20.5,2,5.36,NA,NA,NA,<,0.02,<,0.01,<,0.4,<,0.3,0.14,<,0.02,<,0.01,<,0.05,<,0.1,<,0.1,<,0.03,<,0.03,<,0.4,<,0.4,<,5,<,5,<,0.02,<,0.06,<,0.4,<,0.4,<,2,<,2,<,4,NA,NA,NA,NA,NA
12323750,"Silver Bow Creek at Warm Springs, MT",8/17/2021,11:00,MDT,Environmental,17.2,840,9.15,NA,NA,NA,NA,119,NA,18,NA,36.6,NA,8.45,27.2,NA,336,NA,1.21,NA,16.1,NA,27.3,NA,29,NA,0.32,NA,0.19,NA,1.22,NA,1.92,NA,72.8,NA,12.2,NA,0.02,NA,0.21,NA,109,NA,59.1,<,2,NA,2.39,NA,68,<,2,NA,NA,NA
12323760,"Warm Springs Creek near Anaconda, MT",10/14/2020,9:40,MDT,Environmental,5,291,8,NA,NA,0.97,NA,39.8,NA,8.38,NA,3.09,NA,1.26,1.67,NA,13.9,NA,0.37,NA,11.1,NA,2.13,NA,2.12,<,0.03,<,0.03,NA,0.79,NA,1.63,NA,92.6,NA,7.04,<,0.02,NA,0.24,NA,5.45,NA,0.8,<,2,NA,4.54,NA,127,<,2,68,NA,5
12323760,"Warm Springs Creek near Anaconda, MT",4/13/2021,8:55,MDT,Environmental,1.6,277,8.15,NA,NA,0.77,NA,40.8,NA,9.11,NA,3.7,NA,1.29,1.56,NA,15.6,NA,0.38,NA,11.4,NA,1.98,NA,1.95,NA,0.03,<,0.03,NA,0.49,NA,1.08,NA,45.5,<,5,<,0.02,NA,0.13,NA,2.66,NA,0.52,<,2,<,2,NA,131,<,2,79,NA,2
12323760,"Warm Springs Creek near Anaconda, MT",5/18/2021,10:00,MDT,Environmental,6.1,173,8.04,NA,NA,2.22,NA,26.3,NA,4.68,NA,1.84,NA,0.87,0.83,NA,10.2,NA,0.28,NA,8.91,NA,1.3,NA,2.52,<,0.03,NA,0.09,NA,1.09,NA,7.16,NA,524,NA,9.25,<,0.02,NA,1.27,NA,32.6,NA,2.31,<,2,NA,15.1,NA,79.3,E,8.55,74,NA,32
12323760,"Warm Springs Creek near Anaconda, MT",6/8/2021,9:00,MDT,Environmental,6.8,154,7.72,NA,NA,1.94,NA,22.5,NA,3.93,NA,1.69,NA,0.74,0.83,NA,7.22,NA,0.27,NA,8.81,NA,1.63,NA,2.04,<,0.03,NA,0.03,NA,0.9,NA,2.28,NA,115,NA,9.18,<,0.02,NA,0.3,NA,7.97,NA,1.2,<,2,NA,4.22,NA,73.4,E,2.07,67,NA,6
12323760,"Warm Springs Creek near Anaconda, MT",7/13/2021,9:00,MDT,Environmental,11,242,8.13,NA,NA,0.97,NA,35.2,NA,6.78,NA,2.92,NA,1.04,1.15,NA,13.2,NA,0.39,NA,10.3,NA,3.3,NA,3.3,NA,0.04,<,0.03,NA,0.79,NA,1.6,NA,62.5,NA,6.01,<,0.02,NA,0.18,NA,4.39,NA,0.82,<,2,NA,3.03,NA,115,<,2,78,NA,3
12323760,"Warm Springs Creek near Anaconda, MT",8/17/2021,9:00,MDT,Environmental,11.1,234,8.15,NA,NA,NA,NA,34.5,NA,7.09,NA,2.8,NA,1.25,1.14,NA,13,NA,0.35,NA,9.49,NA,2.5,NA,2.47,<,0.03,<,0.03,NA,0.73,NA,2.04,NA,76.4,NA,8.18,<,0.02,NA,0.18,NA,5.32,NA,0.65,<,2,NA,2.1,NA,109,NA,NA,NA,NA,NA
12323770,"Warm Springs Creek at Warm Springs, MT",10/14/2020,11:15,MDT,Environmental,5,319,8.1,NA,NA,1.18,NA,44.3,NA,8.99,NA,3.51,NA,1.41,2.14,NA,23.5,NA,0.4,NA,11,NA,4.68,NA,4.87,<,0.03,NA,0.04,NA,1.58,NA,6.38,NA,99.7,NA,10.6,NA,0.03,NA,0.5,NA,28.6,NA,16.6,<,2,NA,3.86,NA,132,<,2,50,NA,6
12323770,"Warm Springs Creek at Warm Springs, MT",3/23/2021,10:30,MDT,Environmental,2.5,320,8.25,NA,NA,0.91,NA,49,NA,10.9,NA,4.25,NA,1.44,2.02,NA,31.6,NA,0.41,NA,11,NA,3.01,NA,3.06,<,0.03,<,0.03,NA,1.03,NA,3.31,NA,61.7,<,5,<,0.02,NA,0.27,NA,58.7,NA,38.9,<,2,NA,2.16,NA,139,<,2,63,NA,3
12323770,"Warm Springs Creek at Warm Springs, MT",4/13/2021,11:05,MDT,Environmental,1.6,311,8.41,NA,NA,0.92,NA,46.9,NA,10.6,NA,3.98,NA,1.33,1.81,NA,28.3,NA,0.4,NA,11.4,NA,2.31,NA,2.62,NA,0.03,<,0.03,NA,0.91,NA,3.48,NA,74.2,<,5,<,0.02,NA,0.32,NA,51.1,NA,31.1,<,2,NA,2.25,NA,136,<,2,75,NA,4
12323770,"Warm Springs Creek at Warm Springs, MT",5/5/2021,10:30,MDT,Environmental,7,283,8.39,NA,NA,1.42,NA,44,NA,8.39,NA,3.47,NA,1.3,1.38,NA,24.4,NA,0.38,NA,10.3,NA,2.46,NA,3.24,NA,0.03,NA,0.04,NA,1.41,NA,7.12,NA,161,<,5,<,0.02,NA,0.78,NA,60.2,NA,22.5,<,2,NA,4.59,NA,127,E,2.65,68,NA,7
12323770,"Warm Springs Creek at Warm Springs, MT",5/18/2021,12:00,MDT,Environmental,9.4,199,8.15,NA,NA,2.17,NA,31.1,NA,5.67,NA,2.18,NA,1.06,0.91,NA,16,NA,0.3,NA,9.67,NA,3.15,NA,9.63,<,0.03,NA,0.24,NA,2.27,NA,65.9,NA,1561,NA,10,NA,0.05,NA,7.7,NA,267,NA,20.3,<,2,NA,39.7,NA,86.3,E,16,62,NA,95
12323770,"Warm Springs Creek at Warm Springs, MT",6/8/2021,10:45,MDT,Environmental,8,173,7.95,NA,NA,1.79,NA,25.4,NA,4.42,NA,1.91,NA,0.88,0.91,NA,11.9,NA,0.3,NA,9.02,NA,2.9,NA,4.59,NA,0.04,NA,0.07,NA,2.38,NA,18.2,NA,324,NA,16.8,NA,0.05,NA,1.77,NA,34.8,NA,9.51,<,2,NA,8.12,NA,78.8,E,3.77,55,NA,20
12323770,"Warm Springs Creek at Warm Springs, MT",7/13/2021,10:30,MDT,Environmental,13,276,8.28,NA,NA,1.06,NA,40.7,NA,7.37,NA,3.25,NA,1.12,1.36,NA,25.1,NA,0.41,NA,10.3,NA,4.24,NA,4.67,<,0.03,NA,0.03,NA,1.7,NA,5.01,NA,73.6,NA,6.39,NA,0.03,NA,0.39,NA,22.1,NA,12.9,<,2,NA,3.1,NA,120,<,2,79,NA,3
12323770,"Warm Springs Creek at Warm Springs, MT",8/17/2021,10:30,MDT,Environmental,14.1,255,8.58,NA,NA,NA,NA,40.4,NA,7.87,NA,3.18,NA,1.39,1.38,NA,21.1,NA,0.37,NA,9.7,NA,3.2,NA,3.52,<,0.03,<,0.03,NA,1.55,NA,3.61,NA,58.9,NA,6.55,<,0.02,NA,0.26,NA,17,NA,7.9,<,2,NA,2.07,NA,114,NA,NA,NA,NA,NA
12323800,"Clark Fork near Galen, MT",10/14/2020,12:45,MDT,Environmental,5.8,474,8.36,NA,NA,NA,NA,58.9,NA,11.5,NA,NA,NA,NA,NA,NA,NA,NA,NA,NA,NA,NA,6.92,NA,8.06,NA,0.08,NA,0.08,NA,1.8,NA,3.57,NA,95.5,NA,11.2,NA,0.03,NA,0.35,NA,39.9,NA,26.8,<,2,NA,3.85,NA,NA,NA,NA,81,NA,1
12323800,"Clark Fork near Galen, MT",3/23/2021,11:55,MDT,Environmental,4.1,586,8.29,NA,NA,NA,NA,80.4,NA,12.8,NA,NA,NA,NA,NA,NA,NA,NA,NA,NA,NA,NA,5.86,NA,7.78,NA,0.16,NA,0.19,NA,2.62,NA,6.66,NA,134,NA,9.36,NA,0.03,NA,0.61,NA,114,NA,84.2,NA,7.41,NA,14.6,NA,NA,NA,NA,85,NA,4
12323800,"Clark Fork near Galen, MT",4/13/2021,12:45,MDT,Environmental,4,575,8.3,NA,NA,NA,NA,80.2,NA,12.1,NA,NA,NA,NA,NA,NA,NA,NA,NA,NA,NA,NA,5.08,NA,6.69,NA,0.21,NA,0.19,NA,1.36,NA,7.48,NA,246,NA,8.45,NA,0.03,NA,1.26,NA,176,NA,115,NA,3.58,NA,14.7,NA,NA,NA,NA,83,NA,5
12323800,"Clark Fork near Galen, MT",4/13/2021,12:47,MDT,Laboratory Spike,4,575,8.3,NA,NA,NA,NA,124.7,NA,26.5,NA,NA,NA,NA,NA,NA,NA,NA,NA,NA,NA,NA,6.42,NA,8.18,NA,0.42,NA,0.43,NA,5.95,NA,12.1,NA,332,NA,104,NA,0.49,NA,1.71,NA,232,NA,167,NA,17,NA,24.4,NA,NA,NA,NA,NA,NA,NA
12323800,"Clark Fork near Galen, MT",5/5/2021,12:00,MDT,Environmental,10.8,549,8.37,NA,NA,NA,NA,75,NA,10.6,NA,NA,NA,NA,NA,NA,NA,NA,NA,NA,NA,NA,6.71,NA,9.63,NA,0.25,NA,0.18,NA,2.16,NA,8.77,NA,294,NA,27.8,NA,0.11,NA,1.29,NA,209,NA,101,NA,2.73,NA,11.6,NA,NA,NA,NA,79,NA,9
12323800,"Clark Fork near Galen, MT",5/18/2021,13:30,MDT,Environmental,13.2,370,8.4,NA,NA,NA,NA,51.2,NA,7.45,NA,NA,NA,NA,NA,NA,NA,NA,NA,NA,NA,NA,7.26,NA,11.4,NA,0.1,NA,0.23,NA,2.65,NA,35.3,NA,807,NA,10.6,NA,0.06,NA,4.26,NA,221,NA,50.6,<,2,NA,25,NA,NA,NA,NA,84,NA,41
12323800,"Clark Fork near Galen, MT",6/8/2021,12:30,MDT,Environmental,11.2,278,8.4,NA,NA,NA,NA,35.5,NA,5.72,NA,NA,NA,NA,NA,NA,NA,NA,NA,NA,NA,NA,8.42,NA,10.6,NA,0.08,NA,0.11,NA,2.64,NA,14.1,NA,297,NA,16.3,NA,0.08,NA,1.43,NA,68.3,NA,29.1,<,2,NA,8.88,NA,NA,NA,NA,81,NA,12
12323800,"Clark Fork near Galen, MT",7/13/2021,11:55,MDT,Field Blank,NA,2,5.53,NA,NA,NA,<,0.02,<,0.01,NA,NA,NA,NA,NA,NA,NA,NA,NA,NA,NA,<,0.1,<,0.1,<,0.03,<,0.03,<,0.4,<,0.4,<,5,<,5,<,0.02,<,0.06,<,0.4,<,0.4,<,2,<,2,NA,NA,NA,NA,NA,NA,NA
12323800,"Clark Fork near Galen, MT",7/13/2021,12:00,MDT,Environmental,17,487,8.65,NA,NA,NA,NA,65.5,NA,12,NA,NA,NA,NA,NA,NA,NA,NA,NA,NA,NA,NA,11.4,NA,11.9,NA,0.1,NA,0.1,NA,2.49,NA,3.91,NA,51.6,NA,21.3,NA,0.08,NA,0.3,NA,43.5,NA,33.2,<,2,NA,2.4,NA,NA,NA,NA,84,NA,1
12323800,"Clark Fork near Galen, MT",8/17/2021,12:15,MDT,Environmental,16.2,493,8.74,NA,NA,NA,NA,70.8,NA,12.5,NA,NA,NA,NA,NA,NA,NA,NA,NA,NA,NA,NA,12.5,NA,13.1,NA,0.17,NA,0.09,NA,2.26,NA,4.15,NA,63.5,NA,14.4,NA,0.05,NA,0.3,NA,51.9,NA,24.4,<,2,NA,2.66,NA,NA,NA,NA,NA,NA,NA
12323840,"Lost Creek near Anaconda, MT",10/14/2020,10:25,MDT,Environmental,5.2,246,7.9,NA,NA,1.65,NA,32.9,NA,6.44,NA,3.15,NA,1.39,1.48,NA,9.48,NA,0.39,NA,12,NA,4.3,NA,4.71,<,0.03,NA,0.05,NA,1.29,NA,7.83,NA,232,NA,15.2,NA,0.04,NA,1.08,NA,10,NA,2.69,<,2,NA,3.99,NA,106,E,2.6,65,NA,9
12323840,"Lost Creek near Anaconda, MT",3/23/2021,9:30,MDT,Environmental,2.7,235,7.85,NA,NA,0.99,NA,35.1,NA,7.32,NA,3.53,NA,1.34,1.49,NA,12.7,NA,0.46,NA,11.9,NA,2.83,NA,2.9,NA,0.03,<,0.03,NA,1.02,NA,3.39,NA,68.5,NA,6.21,<,0.02,NA,0.32,NA,3.75,NA,1.16,<,2,NA,2.01,NA,110,<,2,80,NA,3
12323840,"Lost Creek near Anaconda, MT",4/13/2021,9:50,MDT,Environmental,0.9,228,8.07,NA,NA,1.22,NA,34.8,NA,7.26,NA,3.06,NA,1.38,1.13,NA,11.8,NA,0.44,NA,12.1,NA,2.35,NA,2.53,<,0.03,<,0.03,NA,0.97,NA,3.1,NA,81.7,NA,8.02,<,0.02,NA,0.33,NA,4.52,NA,1.92,<,2,<,2,NA,108,<,2,84,NA,3
12323840,"Lost Creek near Anaconda, MT",4/13/2021,9:55,MDT,Field Replicate,0.9,228,8.07,NA,NA,1.13,NA,34.3,NA,7.3,NA,3.02,NA,1.34,1.13,NA,11.8,NA,0.44,NA,12,NA,2.33,NA,2.74,<,0.03,<,0.03,NA,0.96,NA,3.15,NA,84.5,NA,8.05,<,0.02,NA,0.34,NA,4.49,NA,2.01,<,2,<,2,NA,108,<,2,80,NA,3
12323840,"Lost Creek near Anaconda, MT",4/13/2021,10:00,MDT,Laboratory Replicate,0.9,228,8.07,NA,NA,NA,NA,34.3,NA,7.23,NA,NA,NA,NA,NA,NA,NA,NA,NA,NA,NA,NA,2.41,NA,2.59,NA,0.03,<,0.03,NA,0.94,NA,3.12,NA,84.7,NA,7.83,<,0.02,NA,0.34,NA,4.5,NA,1.91,<,2,<,2,NA,NA,NA,NA,NA,NA,NA
12323840,"Lost Creek near Anaconda, MT",5/5/2021,9:25,MDT,Field Blank,NA,3,5.04,NA,<,0.23,<,0.02,<,0.01,<,0.4,<,0.3,0.06,<,0.02,<,0.01,<,0.05,<,0.1,<,0.1,<,0.03,<,0.03,<,0.4,<,0.4,<,5,<,5,<,0.02,<,0.06,<,0.4,<,0.4,<,2,<,2,<,4,<,2,NA,NA,NA
12323840,"Lost Creek near Anaconda, MT",5/5/2021,9:30,MDT,Environmental,4.8,190,8.1,NA,NA,2.17,NA,28.9,NA,5.5,NA,2.51,NA,1.2,0.89,NA,9.16,NA,0.37,NA,11.1,NA,2.58,NA,2.84,<,0.03,NA,0.03,NA,1.49,NA,4.42,NA,147,NA,12.1,NA,0.02,NA,0.5,NA,6.71,NA,1.78,<,2,NA,2.1,NA,90.9,E,2.11,74,NA,4
12323840,"Lost Creek near Anaconda, MT",5/18/2021,11:15,MDT,Environmental,7.8,151,7.99,NA,NA,3.11,NA,22.4,NA,4.14,NA,2.04,NA,1.08,0.84,NA,6.64,NA,0.3,NA,10.5,NA,2.72,NA,3.95,<,0.03,NA,0.09,NA,1.96,NA,14.5,NA,564,NA,18.1,NA,0.04,NA,2.05,NA,20.7,NA,2.56,<,2,NA,6.89,NA,70.6,E,8.65,72,NA,31
12323840,"Lost Creek near Anaconda, MT",6/8/2021,9:45,MDT,Environmental,6.8,152,7.95,NA,NA,2.29,NA,22.2,NA,3.96,NA,2,NA,1.02,0.89,NA,6.37,NA,0.27,NA,9.87,NA,3.23,NA,4.53,<,0.03,NA,0.05,NA,1.44,NA,8.13,NA,322,NA,13.7,NA,0.03,NA,1.26,NA,11,NA,1.6,<,2,NA,3.92,NA,73.6,E,4.81,57,NA,21
12323840,"Lost Creek near Anaconda, MT",7/13/2021,9:45,MDT,Environmental,10,219,8.17,NA,NA,1.28,NA,32.6,NA,5.62,NA,2.76,NA,1.03,0.8,NA,8.03,NA,0.38,NA,11.6,NA,3.75,NA,3.94,<,0.03,<,0.03,NA,1.26,NA,2.38,NA,72.9,NA,20.7,<,0.02,NA,0.25,NA,4.53,NA,1.85,<,2,<,2,NA,108,<,2,74,NA,4
12323840,"Lost Creek near Anaconda, MT",8/17/2021,9:45,MDT,Environmental,11.1,225,8.81,NA,NA,NA,NA,34.1,NA,6.53,NA,3.01,NA,1.32,0.9,NA,8.46,NA,0.4,NA,12,NA,4.58,NA,4.49,<,0.03,<,0.03,NA,1.27,NA,2.93,NA,77.4,NA,12.8,NA,0.04,NA,0.26,NA,4.61,NA,1.4,<,2,<,2,NA,110,NA,NA,NA,NA,NA
12323850,"Lost Creek near Galen, MT",10/14/2020,12:15,MDT,Environmental,5.4,511,8.18,NA,NA,1.83,NA,71.8,NA,16.2,NA,9.27,NA,2.46,4.9,NA,92.8,NA,0.48,NA,15,NA,9.57,NA,9.13,<,0.03,<,0.03,NA,1.66,NA,3.02,NA,51.6,NA,8.5,NA,0.02,NA,0.2,NA,5.57,NA,3.87,<,2,NA,2.37,NA,169,<,2,64,NA,1
12323850,"Lost Creek near Galen, MT",3/23/2021,11:30,MDT,Environmental,3.5,554,7.97,NA,NA,1.07,NA,83.2,NA,19.3,NA,11.4,NA,1.97,7.36,NA,117,NA,0.47,NA,16.4,NA,7.76,NA,9.09,<,0.03,NA,0.07,NA,0.9,NA,9.52,NA,264,NA,6.68,NA,0.03,NA,1.17,NA,21.4,NA,11,<,2,NA,6.46,NA,174,E,4.78,81,NA,12
12323850,"Lost Creek near Galen, MT",4/13/2021,12:15,MDT,Environmental,2.8,540,8.24,NA,NA,0.99,NA,78.4,NA,18.4,NA,10.8,NA,1.92,4.37,NA,108,NA,0.46,NA,15.8,NA,4.94,NA,6.25,<,0.03,NA,0.08,NA,0.64,NA,11.5,NA,324,NA,5.67,NA,0.02,NA,1.37,NA,21,NA,11.1,<,2,NA,7.4,NA,174,E,4.75,59,NA,33
12323850,"Lost Creek near Galen, MT",5/5/2021,11:30,MDT,Environmental,8.4,568,8.33,NA,NA,1.3,NA,86.1,NA,19.8,NA,10.8,NA,2.09,4.75,NA,135,NA,0.44,NA,15.3,NA,6.41,NA,7.52,<,0.03,NA,0.06,NA,1.09,NA,8.73,NA,248,NA,6.61,NA,0.03,NA,1.01,NA,19.5,NA,9.82,<,2,NA,5.46,NA,176,E,4,45,NA,30
12323850,"Lost Creek near Galen, MT",5/18/2021,13:00,MDT,Environmental,12.8,586,8.53,NA,NA,1.27,NA,89.4,NA,20.5,NA,13,NA,2.15,4.65,NA,144,NA,0.43,NA,16.9,NA,6.1,NA,6.49,<,0.03,NA,0.04,NA,1.05,NA,5.44,NA,147,NA,5.25,NA,0.03,NA,0.58,NA,14.9,NA,9.04,<,2,NA,3.12,NA,175,E,10.8,35,NA,23
12323850,"Lost Creek near Galen, MT",6/8/2021,11:45,MDT,Environmental,11.4,526,8.48,NA,NA,1.48,NA,75.6,NA,17.5,NA,9.55,NA,1.81,3.98,NA,124,NA,0.41,NA,14.6,NA,7.92,NA,8.39,<,0.03,<,0.03,NA,1.6,NA,3.96,NA,90.5,NA,7.7,NA,0.03,NA,0.35,NA,10.2,NA,7.23,<,2,NA,2.62,NA,164,E,2.4,79,NA,20
12323850,"Lost Creek near Galen, MT",7/13/2021,11:30,MDT,Environmental,16,535,8.3,NA,NA,2.09,NA,52.7,NA,20.8,NA,33.2,NA,3.74,5.36,NA,70.1,NA,0.85,NA,14.5,NA,7.89,NA,7.68,<,0.03,<,0.03,NA,1.68,NA,3.22,NA,53.6,NA,10.5,NA,0.04,NA,0.19,NA,7.28,NA,5.53,<,2,<,2,NA,216,<,2,90,NA,8
12323850,"Lost Creek near Galen, MT",8/17/2021,11:45,MDT,Environmental,14.2,574,8.45,NA,NA,NA,NA,84.1,NA,20.7,NA,14.2,NA,2.33,4.68,NA,133,NA,0.52,NA,15,NA,7.36,NA,7.48,<,0.03,<,0.03,NA,1.13,NA,2.54,NA,53.8,NA,5.34,NA,0.02,NA,0.25,NA,6.33,NA,4.46,<,2,<,2,NA,177,NA,NA,NA,NA,NA
12324200,"Clark Fork at Deer Lodge, MT",10/14/2020,13:55,MDT,Environmental,7.2,484,8.28,NA,NA,NA,NA,60.2,NA,12.5,NA,NA,NA,NA,NA,NA,NA,NA,NA,NA,NA,NA,7.65,NA,10.5,NA,0.07,NA,0.15,NA,4.19,NA,22.3,NA,261,NA,7.87,NA,0.04,NA,1.99,NA,55.1,NA,22.7,NA,5.16,NA,19.5,NA,NA,NA,NA,72,NA,8
12324200,"Clark Fork at Deer Lodge, MT",3/23/2021,13:15,MDT,Environmental,4.2,528,8.14,NA,NA,NA,NA,72.7,NA,13.5,NA,NA,NA,NA,NA,NA,NA,NA,NA,NA,NA,NA,6.99,NA,9.62,NA,0.12,NA,0.17,NA,4.37,NA,20.3,NA,326,NA,9.06,NA,0.05,NA,2.22,NA,93.6,NA,41.5,NA,6.96,NA,21.4,NA,NA,NA,NA,72,NA,14
12324200,"Clark Fork at Deer Lodge, MT",4/13/2021,14:05,MDT,Environmental,5.1,540,8.22,NA,NA,NA,NA,72.1,NA,12.9,NA,NA,NA,NA,NA,NA,NA,NA,NA,NA,NA,NA,6.26,NA,9.5,NA,0.19,NA,0.19,NA,3.75,NA,24.7,NA,443,NA,8.5,NA,0.06,NA,3.07,NA,117,NA,57.6,NA,6.68,NA,23.9,NA,NA,NA,NA,86,NA,15
12324200,"Clark Fork at Deer Lodge, MT",5/5/2021,13:00,MDT,Environmental,11.7,504,8.36,NA,NA,NA,NA,69.9,NA,12.1,NA,NA,NA,NA,NA,NA,NA,NA,NA,NA,NA,NA,7.8,NA,12.1,NA,0.18,NA,0.22,NA,4.82,NA,29.1,NA,534,NA,9.5,NA,0.07,NA,3.72,NA,135,NA,25.7,NA,4.4,NA,26.5,NA,NA,NA,NA,82,NA,19
12324200,"Clark Fork at Deer Lodge, MT",5/5/2021,13:05,MDT,Field Replicate,11.7,504,8.36,NA,NA,NA,NA,73.4,NA,12.5,NA,NA,NA,NA,NA,NA,NA,NA,NA,NA,NA,NA,8.52,NA,12.3,NA,0.21,NA,0.23,NA,4.65,NA,33.6,NA,542,NA,9.54,NA,0.07,NA,3.71,NA,124,NA,26.8,NA,4.43,NA,30.2,NA,NA,NA,NA,81,NA,19
12324200,"Clark Fork at Deer Lodge, MT",5/5/2021,13:10,MDT,Laboratory Replicate,NA,504,8.36,NA,NA,NA,NA,73,NA,12.4,NA,NA,NA,NA,NA,NA,NA,NA,NA,NA,NA,NA,8.57,NA,11.9,NA,0.19,NA,0.23,NA,4.65,NA,31.9,NA,538,NA,9.67,NA,0.07,NA,3.67,NA,125,NA,27.4,NA,4.79,NA,28.5,NA,NA,NA,NA,NA,NA,NA
12324200,"Clark Fork at Deer Lodge, MT",5/18/2021,14:40,MDT,Field Blank,NA,2,5.9,NA,NA,NA,<,0.02,<,0.01,NA,NA,NA,NA,NA,NA,NA,NA,NA,NA,NA,<,0.1,<,0.1,<,0.03,<,0.03,<,0.4,<,0.4,<,5,<,5,<,0.02,<,0.06,<,0.4,<,0.4,<,2,<,2,NA,NA,NA,NA,NA,NA,NA
12324200,"Clark Fork at Deer Lodge, MT",5/18/2021,14:45,MDT,Environmental,15,446,8.66,NA,NA,NA,NA,61.3,NA,11.3,NA,NA,NA,NA,NA,NA,NA,NA,NA,NA,NA,NA,9.83,NA,12.1,NA,0.09,NA,0.16,NA,5.91,NA,26.4,NA,376,NA,28.9,NA,0.24,NA,2.74,NA,87.5,NA,31.8,NA,3.16,NA,19.9,NA,NA,NA,NA,86,NA,15
12324200,"Clark Fork at Deer Lodge, MT",6/8/2021,13:00,MDT,Environmental,13.4,296,8.14,NA,NA,NA,NA,36.9,NA,6.49,NA,NA,NA,NA,NA,NA,NA,NA,NA,NA,NA,NA,9.27,NA,15,NA,0.09,NA,0.23,NA,6.07,NA,54,NA,863,NA,18.2,NA,0.15,NA,6.24,NA,107,NA,17.2,NA,4.63,NA,38.9,NA,NA,NA,NA,76,NA,37
12324200,"Clark Fork at Deer Lodge, MT",7/13/2021,13:15,MDT,Environmental,17.5,488,8.39,NA,NA,NA,NA,66.8,NA,13.9,NA,NA,NA,NA,NA,NA,NA,NA,NA,NA,NA,NA,13.2,NA,13.6,NA,0.05,NA,0.07,NA,6.64,NA,10.9,NA,83.5,NA,21.2,NA,0.43,NA,0.78,NA,56.7,NA,46.8,NA,3.74,NA,6.28,NA,NA,NA,NA,82,NA,20
12324200,"Clark Fork at Deer Lodge, MT",8/17/2021,14:00,MDT,Environmental,17.7,526,8.53,NA,NA,NA,NA,73.1,NA,15.1,NA,NA,NA,NA,NA,NA,NA,NA,NA,NA,NA,NA,13.2,NA,13.3,NA,0.11,NA,0.09,NA,6.74,NA,11.1,NA,84.4,NA,17,NA,0.13,NA,0.75,NA,44.3,NA,24.5,NA,2.43,NA,7.52,NA,NA,NA,NA,NA,NA,NA
12324400,"Clark Fork above Little Blackfoot River near Garrison, MT",10/14/2020,14:45,MDT,Environmental,7.2,488,8.68,NA,NA,NA,NA,62.2,NA,13.3,NA,NA,NA,NA,NA,NA,NA,NA,NA,NA,NA,NA,9.28,NA,10.2,NA,0.06,NA,0.1,NA,4.45,NA,13.6,NA,168,NA,32.5,NA,0.03,NA,1.23,NA,44.1,NA,14.5,NA,2.85,NA,12.8,NA,NA,NA,NA,68,NA,7
12324400,"Clark Fork above Little Blackfoot River near Garrison, MT",3/23/2021,14:05,MDT,Environmental,4.8,521,8.14,NA,NA,NA,NA,69.7,NA,13.5,NA,NA,NA,NA,NA,NA,NA,NA,NA,NA,NA,NA,7.57,NA,11.2,NA,0.11,NA,0.2,NA,5.13,NA,32,NA,518,NA,9.65,NA,0.07,NA,3.6,NA,96.9,NA,35.6,NA,6.81,NA,29.7,NA,NA,NA,NA,72,NA,21
12324400,"Clark Fork above Little Blackfoot River near Garrison, MT",3/23/2021,14:10,MDT,Field Replicate,4.8,521,8.14,NA,NA,NA,NA,73.6,NA,14.1,NA,NA,NA,NA,NA,NA,NA,NA,NA,NA,NA,NA,8.05,NA,11.5,NA,0.12,NA,0.21,NA,5.64,NA,32,NA,568,NA,10.5,NA,0.07,NA,3.43,NA,98.2,NA,38.1,NA,7.5,NA,33.2,NA,NA,NA,NA,65,NA,23
12324400,"Clark Fork above Little Blackfoot River near Garrison, MT",3/23/2021,14:15,MDT,Laboratory Replicate,4.8,521,8.14,NA,NA,NA,NA,73.8,NA,14.2,NA,NA,NA,NA,NA,NA,NA,NA,NA,NA,NA,NA,8.01,NA,11.6,NA,0.12,NA,0.21,NA,5.58,NA,32.2,NA,568,NA,10.6,NA,0.07,NA,3.46,NA,99.7,NA,38.2,NA,7.86,NA,33,NA,NA,NA,NA,NA,NA,NA
12324400,"Clark Fork above Little Blackfoot River near Garrison, MT",4/13/2021,15:00,MDT,Environmental,4.8,527,8.33,NA,NA,NA,NA,68.5,NA,12.8,NA,NA,NA,NA,NA,NA,NA,NA,NA,NA,NA,NA,6.53,NA,10,NA,0.18,NA,0.23,NA,4.2,NA,28.2,NA,494,NA,7.62,NA,0.06,NA,3.3,NA,110,NA,46.1,NA,6.48,NA,27.8,NA,NA,NA,NA,82,NA,19
12324400,"Clark Fork above Little Blackfoot River near Garrison, MT",5/5/2021,14:00,MDT,Environmental,12.6,500,8.53,NA,NA,NA,NA,68.2,NA,12,NA,NA,NA,NA,NA,NA,NA,NA,NA,NA,NA,NA,8.86,NA,12.7,NA,0.18,NA,0.22,NA,5.3,NA,34.9,NA,579,NA,6.9,NA,0.07,NA,4.2,NA,129,NA,21.3,NA,3.36,NA,30.6,NA,NA,NA,NA,80,NA,22
12324400,"Clark Fork above Little Blackfoot River near Garrison, MT",5/18/2021,15:30,MDT,Environmental,17.5,465,8.76,NA,NA,NA,NA,63.7,NA,12.4,NA,NA,NA,NA,NA,NA,NA,NA,NA,NA,NA,NA,11.2,NA,12.6,NA,0.09,NA,0.14,NA,6.36,NA,23.4,NA,290,NA,7.56,NA,0.09,NA,2.29,NA,75.7,NA,30.2,<,2,NA,18,NA,NA,NA,NA,86,NA,11
12324400,"Clark Fork above Little Blackfoot River near Garrison, MT",6/8/2021,13:45,MDT,Environmental,14.6,320,8.22,NA,NA,NA,NA,39.6,NA,7.54,NA,NA,NA,NA,NA,NA,NA,NA,NA,NA,NA,NA,11.2,NA,20.1,NA,0.08,NA,0.33,NA,8.16,NA,76.3,NA,1081,NA,15.1,NA,0.17,NA,9.43,NA,144,NA,18.3,NA,4.94,NA,55.4,NA,NA,NA,NA,78,NA,44
12324400,"Clark Fork above Little Blackfoot River near Garrison, MT",7/13/2021,14:15,MDT,Environmental,20,490,8.46,NA,NA,NA,NA,64,NA,14.3,NA,NA,NA,NA,NA,NA,NA,NA,NA,NA,NA,NA,13.9,NA,15.2,NA,0.07,NA,0.09,NA,7.2,NA,13.8,NA,106,NA,15,NA,0.14,NA,0.92,NA,59.1,NA,35.6,NA,2.42,NA,8.35,NA,NA,NA,NA,81,NA,15
12324400,"Clark Fork above Little Blackfoot River near Garrison, MT",8/17/2021,14:45,MDT,Environmental,18.7,500,8.64,NA,NA,NA,NA,67.5,NA,14.9,NA,NA,NA,NA,NA,NA,NA,NA,NA,NA,NA,NA,13.4,NA,13.6,NA,0.09,NA,0.08,NA,7.69,NA,11,NA,75.1,NA,13.2,NA,0.12,NA,0.61,NA,42.8,NA,15.5,<,2,NA,5.74,NA,NA,NA,NA,NA,NA,NA
12324680,"Clark Fork at Goldcreek, MT",10/15/2020,14:00,MDT,Environmental,7.7,434,8.36,NA,NA,NA,NA,55.4,NA,11.7,NA,NA,NA,NA,NA,NA,NA,NA,NA,NA,NA,NA,7.35,NA,8.67,NA,0.06,NA,0.1,NA,4.72,NA,18.1,NA,301,NA,5.09,NA,0.04,NA,2.03,NA,61.9,NA,12.5,NA,4.17,NA,19.4,NA,NA,NA,NA,81,NA,11
12324680,"Clark Fork at Goldcreek, MT",10/15/2020,14:05,MDT,Field Replicate,NA,434,8.36,NA,NA,NA,NA,58.1,NA,12,NA,NA,NA,NA,NA,NA,NA,NA,NA,NA,NA,NA,7.42,NA,11.6,NA,0.06,NA,0.12,NA,3.91,NA,20,NA,289,NA,5.58,NA,0.04,NA,2.06,NA,61.9,NA,11.1,NA,3.72,NA,19.2,NA,NA,NA,NA,NA,NA,NA
12324680,"Clark Fork at Goldcreek, MT",10/15/2020,14:10,MDT,Laboratory Replicate,7.7,434,8.36,NA,NA,NA,NA,58,NA,12.1,NA,NA,NA,NA,NA,NA,NA,NA,NA,NA,NA,NA,7.63,NA,11.7,NA,0.05,NA,0.12,NA,4.24,NA,20.3,NA,287,NA,5.23,NA,0.08,NA,2.06,NA,61.9,NA,11.4,NA,4.21,NA,20,NA,NA,NA,NA,NA,NA,NA
12324680,"Clark Fork at Goldcreek, MT",3/24/2021,13:55,MDT,Environmental,4.6,459,8.25,NA,NA,NA,NA,61.1,NA,12.4,NA,NA,NA,NA,NA,NA,NA,NA,NA,NA,NA,NA,6.16,NA,8.68,NA,0.09,NA,0.16,NA,4.3,NA,21.1,NA,435,NA,12.6,NA,0.07,NA,2.34,NA,78.7,NA,28.9,NA,5.23,NA,21.9,NA,NA,NA,NA,70,NA,19
12324680,"Clark Fork at Goldcreek, MT",4/14/2021,14:30,MDT,Environmental,3.4,424,8.4,NA,NA,NA,NA,55.1,NA,11,NA,NA,NA,NA,NA,NA,NA,NA,NA,NA,NA,NA,5.12,NA,6.97,NA,0.11,NA,0.13,NA,2.82,NA,17,NA,349,NA,12.5,NA,0.05,NA,2.28,NA,70.4,NA,26.3,NA,3.95,NA,17.7,NA,NA,NA,NA,70,NA,14
12324680,"Clark Fork at Goldcreek, MT",5/6/2021,14:30,MDT,Environmental,13.2,354,8.53,NA,NA,NA,NA,47.3,NA,8.24,NA,NA,NA,NA,NA,NA,NA,NA,NA,NA,NA,NA,6.16,NA,8.98,NA,0.09,NA,0.14,NA,3.85,NA,20.1,NA,602,NA,25,NA,0.1,NA,3.08,NA,85.7,NA,12.1,<,2,NA,20.5,NA,NA,NA,NA,69,NA,29
12324680,"Clark Fork at Goldcreek, MT",5/19/2021,16:30,MDT,Environmental,10.5,297,8.4,NA,NA,NA,NA,39.2,NA,7.55,NA,NA,NA,NA,NA,NA,NA,NA,NA,NA,NA,NA,6.28,NA,9.83,NA,0.04,NA,0.2,NA,5.6,NA,26.8,NA,574,NA,22.3,NA,0.09,NA,4.24,NA,69.3,NA,12.5,NA,2.53,NA,26.3,NA,NA,NA,NA,80,NA,26
12324680,"Clark Fork at Goldcreek, MT",6/10/2021,8:45,MDT,Environmental,13.8,305,8.12,NA,NA,NA,NA,38.9,NA,7.43,NA,NA,NA,NA,NA,NA,NA,NA,NA,NA,NA,NA,8.22,NA,11.5,NA,0.06,NA,0.17,NA,4.99,NA,33.9,NA,659,NA,17.4,NA,0.11,NA,4.08,NA,83.8,NA,8.71,NA,3.43,NA,29.4,NA,NA,NA,NA,74,NA,33
12324680,"Clark Fork at Goldcreek, MT",7/14/2021,13:45,MDT,Environmental,21.1,400,8.64,NA,NA,NA,NA,55.7,NA,12.1,NA,NA,NA,NA,NA,NA,NA,NA,NA,NA,NA,NA,9.8,NA,10.1,NA,0.04,NA,0.06,NA,4.98,NA,7.93,NA,105,NA,10.6,NA,0.09,NA,0.65,NA,39.6,NA,15.2,NA,2.17,NA,5.53,NA,NA,NA,NA,91,NA,4
12324680,"Clark Fork at Goldcreek, MT",8/18/2021,13:45,MDT,Environmental,13.4,454,8.35,NA,NA,NA,NA,63.4,NA,14.1,NA,NA,NA,NA,NA,NA,NA,NA,NA,NA,NA,NA,8.73,NA,9.55,NA,0.05,NA,0.06,NA,5.41,NA,8.13,NA,90.5,NA,13.1,NA,0.07,NA,0.53,NA,43.4,NA,9.7,NA,2.13,NA,5.83,NA,NA,NA,NA,NA,NA,NA
12331800,"Clark Fork near Drummond, MT",10/15/2020,13:15,MDT,Environmental,7.7,458,8.25,NA,NA,NA,NA,56.8,NA,13.6,NA,NA,NA,NA,NA,NA,NA,NA,NA,NA,NA,NA,7.34,NA,9.28,NA,0.04,NA,0.11,NA,2.72,NA,13.4,NA,340,<,5,NA,0.05,NA,2.61,NA,74.4,NA,13.4,NA,3.33,NA,22.1,NA,NA,NA,NA,78,NA,19
12331800,"Clark Fork near Drummond, MT",3/24/2021,13:15,MDT,Environmental,5.2,452,8.14,NA,NA,NA,NA,60,NA,13.7,NA,NA,NA,NA,NA,NA,NA,NA,NA,NA,NA,NA,6.71,NA,9.98,NA,0.07,NA,0.15,NA,4.21,NA,20.8,NA,609,NA,15.5,NA,0.12,NA,3.62,NA,96.4,NA,25.5,NA,5.39,NA,29.5,NA,NA,NA,NA,76,NA,30
12331800,"Clark Fork near Drummond, MT",4/14/2021,13:50,MDT,Environmental,4.4,436,8.25,NA,NA,NA,NA,55.7,NA,12.6,NA,NA,NA,NA,NA,NA,NA,NA,NA,NA,NA,NA,5.74,NA,7.84,NA,0.08,NA,0.12,NA,2.77,NA,15.3,NA,443,NA,9.81,NA,0.06,NA,2.5,NA,72.9,NA,21.3,NA,4.41,NA,21.4,NA,NA,NA,NA,79,NA,19
12331800,"Clark Fork near Drummond, MT",5/6/2021,13:30,MDT,Environmental,12.5,359,8.33,NA,NA,NA,NA,46.6,NA,10.3,NA,NA,NA,NA,NA,NA,NA,NA,NA,NA,NA,NA,6.56,NA,9.51,NA,0.07,NA,0.16,NA,4.18,NA,21.2,NA,694,NA,22.4,NA,0.13,NA,4,NA,104,NA,11.3,NA,2.79,NA,28.8,NA,NA,NA,NA,75,NA,35
12331800,"Clark Fork near Drummond, MT",5/19/2021,15:00,MDT,Environmental,11.2,323,8.25,NA,NA,NA,NA,43,NA,9.24,NA,NA,NA,NA,NA,NA,NA,NA,NA,NA,NA,NA,7.35,NA,9.67,NA,0.04,NA,0.15,NA,4.66,NA,22.5,NA,643,NA,18.7,NA,0.12,NA,4.09,NA,94.3,NA,11.9,NA,2.96,NA,26.3,NA,NA,NA,NA,84,NA,31
12331800,"Clark Fork near Drummond, MT",6/9/2021,15:10,MDT,Field Blank,NA,2,5.52,NA,NA,NA,<,0.02,<,0.01,NA,NA,NA,NA,NA,NA,NA,NA,NA,NA,NA,<,0.1,<,0.1,<,0.03,<,0.03,<,0.4,<,0.4,<,5,<,5,<,0.02,<,0.06,<,0.4,<,0.4,<,2,<,2,NA,NA,NA,NA,NA,NA,NA
12331800,"Clark Fork near Drummond, MT",6/9/2021,15:15,MDT,Environmental,16.6,332,8.42,NA,NA,NA,NA,42,NA,8.87,NA,NA,NA,NA,NA,NA,NA,NA,NA,NA,NA,NA,8.59,NA,12.1,NA,0.05,NA,0.2,NA,5.72,NA,32,NA,688,NA,14.1,NA,0.14,NA,4.65,NA,90.9,NA,12.7,NA,3.08,NA,33.7,NA,NA,NA,NA,71,NA,39
12331800,"Clark Fork near Drummond, MT",7/14/2021,12:45,MDT,Environmental,20.8,482,8.62,NA,NA,NA,NA,67.9,NA,17.2,NA,NA,NA,NA,NA,NA,NA,NA,NA,NA,NA,NA,10.4,NA,11,<,0.03,NA,0.04,NA,4.89,NA,7.5,NA,70.2,NA,5.88,NA,0.07,NA,0.49,NA,30.4,NA,13.3,<,2,NA,5.71,NA,NA,NA,NA,73,NA,17
12331800,"Clark Fork near Drummond, MT",8/18/2021,12:45,MDT,Environmental,15.4,523,8.13,NA,NA,NA,NA,73.3,NA,18.6,NA,NA,NA,NA,NA,NA,NA,NA,NA,NA,NA,NA,9.94,NA,10.5,NA,0.05,NA,0.08,NA,3.72,NA,10.1,NA,198,NA,7.15,NA,0.08,NA,1.19,NA,70.1,NA,11.2,NA,3.36,NA,13.3,NA,NA,NA,NA,NA,NA,NA
12334550,"Clark Fork at Turah Bridge near Bonner, MT",10/15/2020,11:55,MDT,Environmental,7.1,347,8.2,NA,NA,NA,NA,40.7,NA,10.4,NA,NA,NA,NA,NA,NA,NA,NA,NA,NA,NA,NA,4.68,NA,5.36,NA,0.03,NA,0.08,NA,2.98,NA,8.87,NA,264,NA,8.86,NA,0.05,NA,1.38,NA,46.3,NA,7.61,NA,3.1,NA,15.9,NA,NA,NA,NA,84,NA,14
12334550,"Clark Fork at Turah Bridge near Bonner, MT",3/24/2021,11:40,MDT,Environmental,4.4,357,8.17,NA,NA,NA,NA,45.7,NA,11.3,NA,NA,NA,NA,NA,NA,NA,NA,NA,NA,NA,NA,5.41,NA,7.37,NA,0.04,NA,0.14,NA,3.84,NA,18.3,NA,521,NA,20,NA,0.11,NA,2.76,NA,76.1,NA,16.3,NA,4.96,NA,27.7,NA,NA,NA,NA,83,NA,25
12334550,"Clark Fork at Turah Bridge near Bonner, MT",4/14/2021,12:30,MDT,Environmental,4.1,311,8.25,NA,NA,NA,NA,37.9,NA,9.16,NA,NA,NA,NA,NA,NA,NA,NA,NA,NA,NA,NA,3.69,NA,4.94,NA,0.06,NA,0.08,NA,2.21,NA,9.99,NA,309,NA,21.1,NA,0.07,NA,1.56,NA,40,NA,10.4,NA,3.2,NA,14.6,NA,NA,NA,NA,85,NA,13
12334550,"Clark Fork at Turah Bridge near Bonner, MT",5/6/2021,12:00,MDT,Environmental,10.4,200,8.14,NA,NA,NA,NA,24.5,NA,5.68,NA,NA,NA,NA,NA,NA,NA,NA,NA,NA,NA,NA,3.36,NA,4.83,NA,0.05,NA,0.1,NA,2.59,NA,14.1,NA,762,NA,36.8,NA,0.11,NA,2.69,NA,59.8,NA,6.02,NA,2.35,NA,25.9,NA,NA,NA,NA,50,NA,44
12334550,"Clark Fork at Turah Bridge near Bonner, MT",5/19/2021,13:15,MDT,Environmental,9.4,147,7.92,NA,NA,NA,NA,18.5,NA,4.59,NA,NA,NA,NA,NA,NA,NA,NA,NA,NA,NA,NA,2.69,NA,4.06,<,0.03,NA,0.09,NA,2.41,NA,14.6,NA,680,NA,35,NA,0.08,NA,2.45,NA,58.3,NA,5.22,NA,2.28,NA,21.1,NA,NA,NA,NA,56,NA,51
12334550,"Clark Fork at Turah Bridge near Bonner, MT",5/19/2021,13:20,MDT,Field Replicate,9.4,147,7.92,NA,NA,NA,NA,19.3,NA,4.81,NA,NA,NA,NA,NA,NA,NA,NA,NA,NA,NA,NA,2.82,NA,3.99,<,0.03,NA,0.09,NA,2.39,NA,12.8,NA,620,NA,36.8,NA,0.08,NA,2.28,NA,58.7,NA,5.49,NA,2.19,NA,21.8,NA,NA,NA,NA,59,NA,46
12334550,"Clark Fork at Turah Bridge near Bonner, MT",5/19/2021,13:25,MDT,Laboratory Replicate,NA,147,7.92,NA,NA,NA,NA,19.4,NA,4.79,NA,NA,NA,NA,NA,NA,NA,NA,NA,NA,NA,NA,2.86,NA,4.08,<,0.03,NA,0.1,NA,2.3,NA,13.4,NA,615,NA,37.4,NA,0.08,NA,2.3,NA,57.8,NA,5.48,NA,2.31,NA,21.5,NA,NA,NA,NA,NA,NA,NA
12334550,"Clark Fork at Turah Bridge near Bonner, MT",6/9/2021,13:30,MDT,Environmental,13.3,183,8.12,NA,NA,NA,NA,22.1,NA,5.4,NA,NA,NA,NA,NA,NA,NA,NA,NA,NA,NA,NA,3.99,NA,5.6,NA,0.03,NA,0.1,NA,3.49,NA,17.4,NA,342,NA,24.1,NA,0.1,NA,2.31,NA,47.6,NA,6.71,NA,2.75,NA,20.6,NA,NA,NA,NA,64,NA,31
12334550,"Clark Fork at Turah Bridge near Bonner, MT",7/14/2021,11:30,MDT,Environmental,17.9,288,8.38,NA,NA,NA,NA,37.5,NA,10.9,NA,NA,NA,NA,NA,NA,NA,NA,NA,NA,NA,NA,4.49,NA,4.89,<,0.03,<,0.03,NA,2.51,NA,3.47,NA,34.5,NA,7.49,NA,0.03,NA,0.15,NA,8.46,NA,4.23,<,2,NA,2.63,NA,NA,NA,NA,81,NA,2
12334550,"Clark Fork at Turah Bridge near Bonner, MT",8/18/2021,11:30,MDT,Environmental,14.9,346,8.16,NA,NA,NA,NA,46.8,NA,13.2,NA,NA,NA,NA,NA,NA,NA,NA,NA,NA,NA,NA,5.22,NA,5.53,<,0.03,NA,0.03,NA,2.3,NA,4.02,NA,74.6,NA,7.43,NA,0.03,NA,0.35,NA,23.3,NA,4.63,NA,2.02,NA,5.66,NA,NA,NA,NA,NA,NA,NA
12334550,"Clark Fork at Turah Bridge near Bonner, MT",8/18/2021,11:32,MDT,Laboratory Spike,NA,NA,NA,NA,NA,NA,NA,95.6,NA,28.3,NA,NA,NA,NA,NA,NA,NA,NA,NA,NA,NA,NA,6.9,NA,6.95,NA,0.27,NA,0.26,NA,7.26,NA,8.67,NA,172,NA,105,NA,0.56,NA,0.83,NA,69.3,NA,54.1,NA,12.7,NA,16.5,NA,NA,NA,NA,NA,NA,NA
12340000,"Blackfoot River near Bonner, MT",10/15/2020,10:45,MDT,Environmental,6.2,289,8.21,NA,NA,NA,NA,33.2,NA,11.9,NA,NA,NA,NA,NA,NA,NA,NA,NA,NA,NA,NA,1.13,NA,1.11,<,0.03,<,0.03,NA,0.54,NA,0.66,NA,48.6,NA,5.47,<,0.02,NA,0.07,NA,6.17,NA,4.68,<,2,<,2,NA,NA,NA,NA,85,NA,2
12340000,"Blackfoot River near Bonner, MT",4/14/2021,11:10,MDT,Environmental,4,185,8.21,NA,NA,NA,NA,22.8,NA,7.68,NA,NA,NA,NA,NA,NA,NA,NA,NA,NA,NA,NA,0.75,NA,0.81,<,0.03,<,0.03,NA,0.99,NA,0.86,NA,152,NA,35.5,NA,0.03,NA,0.14,NA,13,NA,5.5,<,2,<,2,NA,NA,NA,NA,90,NA,6
12340000,"Blackfoot River near Bonner, MT",5/19/2021,11:30,MDT,Environmental,9,149,7.98,NA,NA,NA,NA,19.4,NA,5.99,NA,NA,NA,NA,NA,NA,NA,NA,NA,NA,NA,NA,0.71,NA,1.14,<,0.03,<,0.03,NA,0.67,NA,1.98,NA,510,NA,17.8,NA,0.02,NA,0.59,NA,42.3,NA,2.15,<,2,NA,2.69,NA,NA,NA,NA,80,NA,42
12340000,"Blackfoot River near Bonner, MT",6/9/2021,11:45,MDT,Environmental,12.2,170,8.26,NA,NA,NA,NA,20.7,NA,6.4,NA,NA,NA,NA,NA,NA,NA,NA,NA,NA,NA,NA,0.8,NA,1.14,<,0.03,<,0.03,NA,0.71,NA,1.57,NA,359,NA,41.2,NA,0.06,NA,0.42,NA,23.8,NA,4.73,<,2,<,2,NA,NA,NA,NA,88,NA,27
12340000,"Blackfoot River near Bonner, MT",7/14/2021,10:45,MDT,Environmental,17.3,245,8.36,NA,NA,NA,NA,33,NA,11.9,NA,NA,NA,NA,NA,NA,NA,NA,NA,NA,NA,NA,1.21,NA,1.2,<,0.03,<,0.03,<,0.4,NA,0.87,NA,40.2,NA,7.74,<,0.02,NA,0.08,NA,5.39,NA,1.78,<,2,<,2,NA,NA,NA,NA,87,NA,2
12340000,"Blackfoot River near Bonner, MT",8/18/2021,10:30,MDT,Environmental,14.9,265,8.23,NA,NA,NA,NA,36,NA,13.4,NA,NA,NA,NA,NA,NA,NA,NA,NA,NA,NA,NA,1.27,NA,1.34,<,0.03,<,0.03,NA,0.46,NA,0.5,NA,75.1,NA,8.49,<,0.02,NA,0.12,NA,8.94,NA,2.17,<,2,<,2,NA,NA,NA,NA,NA,NA,NA
12340500,"Clark Fork above Missoula, MT",10/15/2020,9:45,MDT,Environmental,6.9,328,7.9,NA,NA,NA,NA,38.3,NA,11,NA,NA,NA,NA,NA,NA,NA,NA,NA,NA,NA,NA,3.35,NA,4.1,<,0.03,NA,0.06,NA,1.6,NA,7.29,NA,221,NA,7.34,NA,0.04,NA,1.19,NA,43.8,NA,7.76,NA,2.35,NA,14.3,NA,NA,NA,NA,85,NA,12
12340500,"Clark Fork above Missoula, MT",3/24/2021,10:15,MDT,Environmental,4,304,8.02,NA,NA,NA,NA,40.4,NA,11.7,NA,NA,NA,NA,NA,NA,NA,NA,NA,NA,NA,NA,4.95,NA,5.09,NA,0.07,NA,0.09,NA,9.79,NA,10.4,NA,447,NA,408,NA,1.67,NA,1.81,NA,53,NA,59.2,NA,17.3,NA,17.7,NA,NA,NA,NA,88,NA,21
12340500,"Clark Fork above Missoula, MT",4/14/2021,9:45,MDT,Field Blank,NA,4,4.87,NA,NA,NA,<,0.02,<,0.01,NA,NA,NA,NA,NA,NA,NA,NA,NA,NA,NA,<,0.1,<,0.1,<,0.03,<,0.03,<,0.4,<,0.4,<,5,<,5,>,0.02,<,0.06,<,0.4,<,0.4,<,2,<,2,NA,NA,NA,NA,NA,NA,NA
12340500,"Clark Fork above Missoula, MT",4/14/2021,9:50,MDT,Environmental,3.9,241,8.06,NA,NA,NA,NA,29.4,NA,8.11,NA,NA,NA,NA,NA,NA,NA,NA,NA,NA,NA,NA,1.98,NA,2.65,<,0.03,NA,0.04,NA,1.46,NA,4.99,NA,232,NA,26.5,NA,0.05,NA,0.87,NA,27.8,NA,7.99,NA,2.33,NA,8.25,NA,NA,NA,NA,81,NA,11
12340500,"Clark Fork above Missoula, MT",5/6/2021,10:30,MDT,Environmental,9.1,179,8.11,NA,NA,NA,NA,22.2,NA,6,NA,NA,NA,NA,NA,NA,NA,NA,NA,NA,NA,NA,1.78,NA,2.62,<,0.03,NA,0.06,NA,1.61,NA,7.41,NA,482,NA,29.5,NA,0.06,NA,1.38,NA,48.2,NA,4.79,<,2,NA,12.7,NA,NA,NA,NA,73,NA,31
12340500,"Clark Fork above Missoula, MT",5/19/2021,10:00,MDT,Environmental,9.1,149,7.76,NA,NA,NA,NA,18.8,NA,5.37,NA,NA,NA,NA,NA,NA,NA,NA,NA,NA,NA,NA,1.56,NA,2.45,<,0.03,NA,0.06,NA,1.49,NA,8.06,NA,596,NA,29,NA,0.06,NA,1.47,NA,53,NA,4.15,<,2,NA,11.7,NA,NA,NA,NA,70,NA,50
12340500,"Clark Fork above Missoula, MT",6/9/2021,10:00,MDT,Environmental,12.5,175,8.12,NA,NA,NA,NA,21,NA,6.07,NA,NA,NA,NA,NA,NA,NA,NA,NA,NA,NA,NA,2.1,NA,2.93,<,0.03,NA,0.05,NA,1.94,NA,8.47,NA,417,NA,18.1,NA,0.05,NA,1.34,NA,37.1,NA,4.96,<,2,NA,11.6,NA,NA,NA,NA,83,NA,29
12340500,"Clark Fork above Missoula, MT",6/9/2021,10:05,MDT,Field Replicate,12.5,175,8.12,NA,NA,NA,NA,22.3,NA,6.34,NA,NA,NA,NA,NA,NA,NA,NA,NA,NA,NA,NA,2.16,NA,3.13,<,0.03,NA,0.06,NA,1.6,NA,8.53,NA,392,NA,18.6,NA,0.04,NA,1.34,NA,37.2,NA,5.15,<,2,NA,11.5,NA,NA,NA,NA,77,NA,31
12340500,"Clark Fork above Missoula, MT",6/9/2021,10:10,MDT,Laboratory Replicate,NA,175,8.12,NA,NA,NA,NA,22.3,NA,6.38,NA,NA,NA,NA,NA,NA,NA,NA,NA,NA,NA,NA,2.13,NA,2.96,<,0.03,NA,0.05,NA,1.67,NA,8.59,NA,390,NA,18.8,NA,0.05,NA,1.33,NA,36.9,NA,5.23,<,2,NA,12.4,NA,NA,NA,NA,NA,NA,NA
12340500,"Clark Fork above Missoula, MT",7/14/2021,9:45,MDT,Environmental,17.3,260,8.23,NA,NA,NA,NA,34.4,NA,11.3,NA,NA,NA,NA,NA,NA,NA,NA,NA,NA,NA,NA,2.88,NA,2.87,<,0.03,<,0.03,NA,1.51,NA,2.21,NA,46.9,NA,8.4,NA,0.03,NA,0.15,NA,10.7,NA,4.27,<,2,NA,2.35,NA,NA,NA,NA,85,NA,2
12340500,"Clark Fork above Missoula, MT",8/18/2021,9:45,MDT,Environmental,14.8,297,8.05,NA,NA,NA,NA,39.7,NA,12.9,NA,NA,NA,NA,NA,NA,NA,NA,NA,NA,NA,NA,3.22,NA,3.63,<,0.03,<,0.03,NA,1.4,NA,2.84,NA,98.1,NA,8.42,NA,0.02,NA,0.3,NA,22.2,NA,6.98,<,2,NA,5.74,NA,NA,NA,NA,NA,NA,NA
